#,Date-Time (Palau Standard Time),Temperature   (°C),Light   (lux),Started,Button Down,Button Up,Host Connected,End of File
1,12/11/2025 07:26:53,28.44,3951.36,Logged,,,,
2,12/11/2025 07:27:01,,,,Logged,Logged,,
3,12/11/2025 07:27:53,28.70,2254.72,,,,,
4,12/11/2025 07:28:53,29.04,2420.48,,,,,
5,12/11/2025 07:29:53,29.26,2736.64,,,,,
6,12/11/2025 07:30:53,29.21,2860.80,,,,,
7,12/11/2025 07:31:53,29.26,1784.32,,,,,
8,12/11/2025 07:32:53,29.26,3248.64,,,,,
9,12/11/2025 07:33:53,29.30,3420.16,,,,,
10,12/11/2025 07:34:53,29.30,3575.04,,,,,
11,12/11/2025 07:35:53,29.30,3691.52,,,,,
12,12/11/2025 07:36:53,29.30,3889.92,,,,,
13,12/11/2025 07:37:53,29.34,3980.80,,,,,
14,12/11/2025 07:38:53,29.30,4071.68,,,,,
15,12/11/2025 07:39:53,29.38,4078.08,,,,,
16,12/11/2025 07:40:53,29.38,4318.72,,,,,
17,12/11/2025 07:41:53,29.38,4350.72,,,,,
18,12/11/2025 07:42:53,29.38,4445.44,,,,,
19,12/11/2025 07:43:53,29.38,4506.88,,,,,
20,12/11/2025 07:44:53,29.38,4551.68,,,,,
21,12/11/2025 07:45:53,29.38,4701.44,,,,,
22,12/11/2025 07:46:53,29.43,4885.76,,,,,
23,12/11/2025 07:47:53,29.43,4785.92,,,,,
24,12/11/2025 07:48:53,29.43,4853.76,,,,,
25,12/11/2025 07:49:53,29.47,5152.00,,,,,
26,12/11/2025 07:50:53,29.43,5064.96,,,,,
27,12/11/2025 07:51:53,29.47,5132.80,,,,,
28,12/11/2025 07:52:53,29.47,5126.40,,,,,
29,12/11/2025 07:53:53,29.51,5265.92,,,,,
30,12/11/2025 07:54:53,29.51,5409.28,,,,,
31,12/11/2025 07:55:53,29.47,5265.92,,,,,
32,12/11/2025 07:56:53,29.51,5829.12,,,,,
33,12/11/2025 07:57:53,29.47,5616.64,,,,,
34,12/11/2025 07:58:53,29.51,5672.96,,,,,
35,12/11/2025 07:59:53,29.56,5785.60,,,,,
36,12/11/2025 08:00:53,29.56,6118.40,,,,,
37,12/11/2025 08:01:53,29.56,5836.80,,,,,
38,12/11/2025 08:02:53,29.56,5895.68,,,,,
39,12/11/2025 08:03:53,29.60,5852.16,,,,,
40,12/11/2025 08:04:53,29.56,5944.32,,,,,
41,12/11/2025 08:05:53,29.51,6059.52,,,,,
42,12/11/2025 08:06:53,29.60,6126.08,,,,,
43,12/11/2025 08:07:53,29.60,6154.24,,,,,
44,12/11/2025 08:08:53,29.56,6231.04,,,,,
45,12/11/2025 08:09:53,29.56,6528.00,,,,,
46,12/11/2025 08:10:53,29.60,6533.12,,,,,
47,12/11/2025 08:11:53,29.64,6576.64,,,,,
48,12/11/2025 08:12:53,29.64,6638.08,,,,,
49,12/11/2025 08:13:53,29.60,6650.88,,,,,
50,12/11/2025 08:14:53,29.68,6743.04,,,,,
51,12/11/2025 08:15:53,29.64,6760.96,,,,,
52,12/11/2025 08:16:53,29.68,6955.52,,,,,
53,12/11/2025 08:17:53,29.64,7065.60,,,,,
54,12/11/2025 08:18:53,29.73,7091.20,,,,,
55,12/11/2025 08:19:53,29.68,7188.48,,,,,
56,12/11/2025 08:20:53,29.68,7255.04,,,,,
57,12/11/2025 08:21:53,29.68,7247.36,,,,,
58,12/11/2025 08:22:53,29.73,7208.96,,,,,
59,12/11/2025 08:23:53,29.73,7183.36,,,,,
60,12/11/2025 08:24:53,29.73,7119.36,,,,,
61,12/11/2025 08:25:53,29.77,7175.68,,,,,
62,12/11/2025 08:26:53,29.73,7137.28,,,,,
63,12/11/2025 08:27:53,29.73,7132.16,,,,,
64,12/11/2025 08:28:53,29.77,7188.48,,,,,
65,12/11/2025 08:29:53,29.77,7216.64,,,,,
66,12/11/2025 08:30:53,29.77,7331.84,,,,,
67,12/11/2025 08:31:53,29.77,7344.64,,,,,
68,12/11/2025 08:32:53,29.81,7436.80,,,,,
69,12/11/2025 08:33:53,29.81,7580.16,,,,,
70,12/11/2025 08:34:53,29.81,7592.96,,,,,
71,12/11/2025 08:35:53,29.77,7508.48,,,,,
72,12/11/2025 08:36:53,29.81,7416.32,,,,,
73,12/11/2025 08:37:53,29.81,7352.32,,,,,
74,12/11/2025 08:38:53,29.77,6909.44,,,,,
75,12/11/2025 08:39:53,29.86,7104.00,,,,,
76,12/11/2025 08:40:53,29.77,6878.72,,,,,
77,12/11/2025 08:41:53,29.81,6686.72,,,,,
78,12/11/2025 08:42:53,29.86,6400.00,,,,,
79,12/11/2025 08:43:53,29.86,6190.08,,,,,
80,12/11/2025 08:44:53,29.81,6023.68,,,,,
81,12/11/2025 08:45:53,29.86,5995.52,,,,,
82,12/11/2025 08:46:53,29.81,6169.60,,,,,
83,12/11/2025 08:47:53,29.86,6343.68,,,,,
84,12/11/2025 08:48:53,29.81,5067.52,,,,,
85,12/11/2025 08:49:53,29.81,5872.64,,,,,
86,12/11/2025 08:50:53,29.81,5841.92,,,,,
87,12/11/2025 08:51:53,29.90,5767.68,,,,,
88,12/11/2025 08:52:53,29.90,5506.56,,,,,
89,12/11/2025 08:53:53,29.86,5365.76,,,,,
90,12/11/2025 08:54:53,29.86,5187.84,,,,,
91,12/11/2025 08:55:53,29.86,5136.64,,,,,
92,12/11/2025 08:56:53,29.86,5207.04,,,,,
93,12/11/2025 08:57:53,29.86,5152.00,,,,,
94,12/11/2025 08:58:53,29.86,4428.80,,,,,
95,12/11/2025 08:59:53,29.86,5162.24,,,,,
96,12/11/2025 09:00:53,29.90,5016.32,,,,,
97,12/11/2025 09:01:53,29.86,2168.96,,,,,
98,12/11/2025 09:02:53,29.86,4752.64,,,,,
99,12/11/2025 09:03:53,29.86,4760.32,,,,,
100,12/11/2025 09:04:53,29.90,4889.60,,,,,
101,12/11/2025 09:05:53,29.90,4921.60,,,,,
102,12/11/2025 09:06:53,29.90,4885.76,,,,,
103,12/11/2025 09:07:53,29.90,4837.12,,,,,
104,12/11/2025 09:08:53,29.90,4730.88,,,,,
105,12/11/2025 09:09:53,29.86,4720.64,,,,,
106,12/11/2025 09:10:53,29.98,4179.20,,,,,
107,12/11/2025 09:11:53,29.90,5130.24,,,,,
108,12/11/2025 09:12:53,29.94,4993.28,,,,,
109,12/11/2025 09:13:53,29.98,4954.88,,,,,
110,12/11/2025 09:14:53,29.98,5077.76,,,,,
111,12/11/2025 09:15:53,29.94,4906.24,,,,,
112,12/11/2025 09:16:53,29.98,4876.80,,,,,
113,12/11/2025 09:17:53,29.94,4934.40,,,,,
114,12/11/2025 09:18:53,29.94,5048.32,,,,,
115,12/11/2025 09:19:53,29.98,5126.40,,,,,
116,12/11/2025 09:20:53,29.94,5107.20,,,,,
117,12/11/2025 09:21:53,30.03,5031.68,,,,,
118,12/11/2025 09:22:53,29.98,5337.60,,,,,
119,12/11/2025 09:23:53,30.07,5276.16,,,,,
120,12/11/2025 09:24:53,29.98,2748.16,,,,,
121,12/11/2025 09:25:53,30.03,5081.60,,,,,
122,12/11/2025 09:26:53,30.03,4872.96,,,,,
123,12/11/2025 09:27:53,30.03,4961.28,,,,,
124,12/11/2025 09:28:53,30.07,4739.84,,,,,
125,12/11/2025 09:29:53,30.03,5116.16,,,,,
126,12/11/2025 09:30:53,30.07,5058.56,,,,,
127,12/11/2025 09:31:53,30.03,4957.44,,,,,
128,12/11/2025 09:32:53,30.11,5155.84,,,,,
129,12/11/2025 09:33:53,30.11,5537.28,,,,,
130,12/11/2025 09:34:53,30.11,3887.36,,,,,
131,12/11/2025 09:35:53,30.07,4707.84,,,,,
132,12/11/2025 09:36:53,30.03,2704.64,,,,,
133,12/11/2025 09:37:53,30.11,4773.12,,,,,
134,12/11/2025 09:38:53,30.07,5191.68,,,,,
135,12/11/2025 09:39:53,30.11,4961.28,,,,,
136,12/11/2025 09:40:53,30.16,4885.76,,,,,
137,12/11/2025 09:41:53,30.11,4642.56,,,,,
138,12/11/2025 09:42:53,30.07,4591.36,,,,,
139,12/11/2025 09:43:53,30.16,4558.08,,,,,
140,12/11/2025 09:44:53,30.11,4591.36,,,,,
141,12/11/2025 09:45:53,30.16,4636.16,,,,,
142,12/11/2025 09:46:53,30.16,4684.80,,,,,
143,12/11/2025 09:47:53,30.16,4739.84,,,,,
144,12/11/2025 09:48:53,30.16,4756.48,,,,,
145,12/11/2025 09:49:53,30.20,4821.76,,,,,
146,12/11/2025 09:50:53,30.16,4817.92,,,,,
147,12/11/2025 09:51:53,30.20,4817.92,,,,,
148,12/11/2025 09:52:53,30.20,4902.40,,,,,
149,12/11/2025 09:53:53,30.16,4925.44,,,,,
150,12/11/2025 09:54:53,30.24,4948.48,,,,,
151,12/11/2025 09:55:53,30.20,4997.12,,,,,
152,12/11/2025 09:56:53,30.24,5018.88,,,,,
153,12/11/2025 09:57:53,30.24,5143.04,,,,,
154,12/11/2025 09:58:53,30.24,5029.12,,,,,
155,12/11/2025 09:59:53,30.28,4494.08,,,,,
156,12/11/2025 10:00:53,30.24,4012.80,,,,,
157,12/11/2025 10:01:53,30.24,4976.64,,,,,
158,12/11/2025 10:02:53,30.28,5054.72,,,,,
159,12/11/2025 10:03:53,30.28,5054.72,,,,,
160,12/11/2025 10:04:53,30.28,4957.44,,,,,
161,12/11/2025 10:05:53,30.28,4944.64,,,,,
162,12/11/2025 10:06:53,30.33,5031.68,,,,,
163,12/11/2025 10:07:53,30.33,5120.00,,,,,
164,12/11/2025 10:08:53,30.33,5064.96,,,,,
165,12/11/2025 10:09:53,30.37,5094.40,,,,,
166,12/11/2025 10:10:53,30.37,5018.88,,,,,
167,12/11/2025 10:11:53,30.33,4997.12,,,,,
168,12/11/2025 10:12:53,30.33,5022.72,,,,,
169,12/11/2025 10:13:53,30.33,5035.52,,,,,
170,12/11/2025 10:14:53,30.37,5054.72,,,,,
171,12/11/2025 10:15:53,30.41,5100.80,,,,,
172,12/11/2025 10:16:53,30.41,5185.28,,,,,
173,12/11/2025 10:17:53,30.41,5158.40,,,,,
174,12/11/2025 10:18:53,30.41,4931.84,,,,,
175,12/11/2025 10:19:53,30.41,4247.04,,,,,
176,12/11/2025 10:20:53,30.41,5236.48,,,,,
177,12/11/2025 10:21:53,30.41,5242.88,,,,,
178,12/11/2025 10:22:53,30.46,5255.68,,,,,
179,12/11/2025 10:23:53,30.46,3377.92,,,,,
180,12/11/2025 10:24:53,30.46,5726.72,,,,,
181,12/11/2025 10:25:53,30.46,5537.28,,,,,
182,12/11/2025 10:26:53,30.46,5511.68,,,,,
183,12/11/2025 10:27:53,30.50,5931.52,,,,,
184,12/11/2025 10:28:53,30.50,6261.76,,,,,
185,12/11/2025 10:29:53,30.46,4830.72,,,,,
186,12/11/2025 10:30:53,30.54,2796.80,,,,,
187,12/11/2025 10:31:53,30.46,5742.08,,,,,
188,12/11/2025 10:32:53,30.46,2918.40,,,,,
189,12/11/2025 10:33:53,30.46,5939.20,,,,,
190,12/11/2025 10:34:53,30.54,3549.44,,,,,
191,12/11/2025 10:35:53,30.46,4805.12,,,,,
192,12/11/2025 10:36:53,30.54,6264.32,,,,,
193,12/11/2025 10:37:53,30.54,6369.28,,,,,
194,12/11/2025 10:38:53,30.50,3653.12,,,,,
195,12/11/2025 10:39:53,30.54,7040.00,,,,,
196,12/11/2025 10:40:53,30.59,6476.80,,,,,
197,12/11/2025 10:41:53,30.63,6131.20,,,,,
198,12/11/2025 10:42:53,30.59,6064.64,,,,,
199,12/11/2025 10:43:53,30.63,6182.40,,,,,
200,12/11/2025 10:44:53,30.67,6551.04,,,,,
201,12/11/2025 10:45:53,30.67,7183.36,,,,,
202,12/11/2025 10:46:53,30.67,7564.80,,,,,
203,12/11/2025 10:47:53,30.71,6187.52,,,,,
204,12/11/2025 10:48:53,30.67,4613.12,,,,,
205,12/11/2025 10:49:53,30.67,8752.64,,,,,
206,12/11/2025 10:50:53,30.67,4760.32,,,,,
207,12/11/2025 10:51:53,30.63,4023.04,,,,,
208,12/11/2025 10:52:53,30.67,3961.60,,,,,
209,12/11/2025 10:53:53,30.63,3591.68,,,,,
210,12/11/2025 10:54:53,30.59,4701.44,,,,,
211,12/11/2025 10:55:53,30.67,8058.88,,,,,
212,12/11/2025 10:56:53,30.71,7644.16,,,,,
213,12/11/2025 10:57:53,30.63,2514.56,,,,,
214,12/11/2025 10:58:53,30.59,2269.44,,,,,
215,12/11/2025 10:59:53,30.63,2400.64,,,,,
216,12/11/2025 11:00:53,30.63,2407.68,,,,,
217,12/11/2025 11:01:53,30.59,3278.08,,,,,
218,12/11/2025 11:02:53,30.67,7357.44,,,,,
219,12/11/2025 11:03:53,30.71,7119.36,,,,,
220,12/11/2025 11:04:53,30.71,7467.52,,,,,
221,12/11/2025 11:05:53,30.76,7488.00,,,,,
222,12/11/2025 11:06:53,30.84,7546.88,,,,,
223,12/11/2025 11:07:53,30.76,7429.12,,,,,
224,12/11/2025 11:08:53,30.84,3230.72,,,,,
225,12/11/2025 11:09:53,30.84,7859.20,,,,,
226,12/11/2025 11:10:53,30.84,8468.48,,,,,
227,12/11/2025 11:11:53,30.89,8468.48,,,,,
228,12/11/2025 11:12:53,30.76,3064.32,,,,,
229,12/11/2025 11:13:53,30.80,2527.36,,,,,
230,12/11/2025 11:14:53,30.71,2391.04,,,,,
231,12/11/2025 11:15:53,30.71,2365.44,,,,,
232,12/11/2025 11:16:53,30.67,2453.12,,,,,
233,12/11/2025 11:17:53,30.67,2293.76,,,,,
234,12/11/2025 11:18:53,30.71,3198.72,,,,,
235,12/11/2025 11:19:53,30.76,7825.92,,,,,
236,12/11/2025 11:20:53,30.84,7774.72,,,,,
237,12/11/2025 11:21:53,30.80,7644.16,,,,,
238,12/11/2025 11:22:53,30.84,7943.68,,,,,
239,12/11/2025 11:23:53,30.89,8320.00,,,,,
240,12/11/2025 11:24:53,30.89,3824.64,,,,,
241,12/11/2025 11:25:53,30.89,4327.68,,,,,
242,12/11/2025 11:26:53,30.89,8350.72,,,,,
243,12/11/2025 11:27:53,30.93,8358.40,,,,,
244,12/11/2025 11:28:53,30.97,8189.44,,,,,
245,12/11/2025 11:29:53,30.97,7987.20,,,,,
246,12/11/2025 11:30:53,30.93,7805.44,,,,,
247,12/11/2025 11:31:53,30.97,7733.76,,,,,
248,12/11/2025 11:32:53,30.97,7792.64,,,,,
249,12/11/2025 11:33:53,31.01,7851.52,,,,,
250,12/11/2025 11:34:53,30.97,8071.68,,,,,
251,12/11/2025 11:35:53,31.01,8506.88,,,,,
252,12/11/2025 11:36:53,30.93,2569.60,,,,,
253,12/11/2025 11:37:53,30.97,8844.80,,,,,
254,12/11/2025 11:38:53,31.01,8683.52,,,,,
255,12/11/2025 11:39:53,31.01,8371.20,,,,,
256,12/11/2025 11:40:53,31.01,6574.08,,,,,
257,12/11/2025 11:41:53,31.01,8455.68,,,,,
258,12/11/2025 11:42:53,31.01,8611.84,,,,,
259,12/11/2025 11:43:53,31.01,8599.04,,,,,
260,12/11/2025 11:44:53,31.10,8558.08,,,,,
261,12/11/2025 11:45:53,31.10,8591.36,,,,,
262,12/11/2025 11:46:53,31.10,8583.68,,,,,
263,12/11/2025 11:47:53,31.10,8655.36,,,,,
264,12/11/2025 11:48:53,31.10,9213.44,,,,,
265,12/11/2025 11:49:53,31.06,9136.64,,,,,
266,12/11/2025 11:50:53,31.10,9221.12,,,,,
267,12/11/2025 11:51:53,31.19,9259.52,,,,,
268,12/11/2025 11:52:53,31.14,9382.40,,,,,
269,12/11/2025 11:53:53,31.19,9753.60,,,,,
270,12/11/2025 11:54:53,31.19,10024.96,,,,,
271,12/11/2025 11:55:53,31.19,7255.04,,,,,
272,12/11/2025 11:56:53,31.10,2483.84,,,,,
273,12/11/2025 11:57:53,31.06,2247.04,,,,,
274,12/11/2025 11:58:53,30.97,3695.36,,,,,
275,12/11/2025 11:59:53,31.01,8540.16,,,,,
276,12/11/2025 12:00:53,30.97,2105.60,,,,,
277,12/11/2025 12:01:53,30.93,2056.96,,,,,
278,12/11/2025 12:02:53,30.93,3179.52,,,,,
279,12/11/2025 12:03:53,30.97,2126.72,,,,,
280,12/11/2025 12:04:53,31.06,9461.76,,,,,
281,12/11/2025 12:05:53,31.10,9571.84,,,,,
282,12/11/2025 12:06:53,31.10,9085.44,,,,,
283,12/11/2025 12:07:53,31.10,3659.52,,,,,
284,12/11/2025 12:08:53,31.06,9914.88,,,,,
285,12/11/2025 12:09:53,31.10,9740.80,,,,,
286,12/11/2025 12:10:53,31.19,10142.72,,,,,
287,12/11/2025 12:11:53,31.19,10357.76,,,,,
288,12/11/2025 12:12:53,31.23,8486.40,,,,,
289,12/11/2025 12:13:53,31.10,2639.36,,,,,
290,12/11/2025 12:14:53,31.06,5185.28,,,,,
291,12/11/2025 12:15:53,31.14,9213.44,,,,,
292,12/11/2025 12:16:53,31.23,8967.68,,,,,
293,12/11/2025 12:17:53,31.19,8883.20,,,,,
294,12/11/2025 12:18:53,31.23,9039.36,,,,,
295,12/11/2025 12:19:53,31.23,9318.40,,,,,
296,12/11/2025 12:20:53,31.23,6937.60,,,,,
297,12/11/2025 12:21:53,31.19,3873.28,,,,,
298,12/11/2025 12:22:53,31.14,8739.84,,,,,
299,12/11/2025 12:23:53,31.23,8849.92,,,,,
300,12/11/2025 12:24:53,31.23,3682.56,,,,,
301,12/11/2025 12:25:53,31.10,6018.56,,,,,
302,12/11/2025 12:26:53,31.06,2295.68,,,,,
303,12/11/2025 12:27:53,31.01,2050.56,,,,,
304,12/11/2025 12:28:53,31.06,1738.88,,,,,
305,12/11/2025 12:29:53,31.06,1714.56,,,,,
306,12/11/2025 12:30:53,30.97,1699.84,,,,,
307,12/11/2025 12:31:53,31.06,5122.56,,,,,
308,12/11/2025 12:32:53,31.10,7124.48,,,,,
309,12/11/2025 12:33:53,31.14,6955.52,,,,,
310,12/11/2025 12:34:53,31.14,6824.96,,,,,
311,12/11/2025 12:35:53,31.19,6709.76,,,,,
312,12/11/2025 12:36:53,31.23,6709.76,,,,,
313,12/11/2025 12:37:53,31.14,6824.96,,,,,
314,12/11/2025 12:38:53,31.23,7403.52,,,,,
315,12/11/2025 12:39:53,31.19,6760.96,,,,,
316,12/11/2025 12:40:53,31.19,2992.64,,,,,
317,12/11/2025 12:41:53,31.10,2362.24,,,,,
318,12/11/2025 12:42:53,31.19,6760.96,,,,,
319,12/11/2025 12:43:53,31.14,2159.36,,,,,
320,12/11/2025 12:44:53,31.06,1886.72,,,,,
321,12/11/2025 12:45:53,31.19,7006.72,,,,,
322,12/11/2025 12:46:53,31.14,5240.32,,,,,
323,12/11/2025 12:47:53,31.19,7247.36,,,,,
324,12/11/2025 12:48:53,31.23,6650.88,,,,,
325,12/11/2025 12:49:53,31.19,7411.20,,,,,
326,12/11/2025 12:50:53,31.23,7319.04,,,,,
327,12/11/2025 12:51:53,31.23,7086.08,,,,,
328,12/11/2025 12:52:53,31.19,7001.60,,,,,
329,12/11/2025 12:53:53,31.27,6840.32,,,,,
330,12/11/2025 12:54:53,31.27,6819.84,,,,,
331,12/11/2025 12:55:53,31.27,6917.12,,,,,
332,12/11/2025 12:56:53,31.23,3854.08,,,,,
333,12/11/2025 12:57:53,31.23,6896.64,,,,,
334,12/11/2025 12:58:53,31.27,7086.08,,,,,
335,12/11/2025 12:59:53,31.27,7272.96,,,,,
336,12/11/2025 13:00:53,31.27,7221.76,,,,,
337,12/11/2025 13:01:53,31.31,7183.36,,,,,
338,12/11/2025 13:02:53,31.27,7255.04,,,,,
339,12/11/2025 13:03:53,31.31,7326.72,,,,,
340,12/11/2025 13:04:53,31.31,7196.16,,,,,
341,12/11/2025 13:05:53,31.31,7157.76,,,,,
342,12/11/2025 13:06:53,31.27,7078.40,,,,,
343,12/11/2025 13:07:53,31.27,7047.68,,,,,
344,12/11/2025 13:08:53,31.27,7034.88,,,,,
345,12/11/2025 13:09:53,31.31,6968.32,,,,,
346,12/11/2025 13:10:53,31.36,7014.40,,,,,
347,12/11/2025 13:11:53,31.31,5130.24,,,,,
348,12/11/2025 13:12:53,31.31,5998.08,,,,,
349,12/11/2025 13:13:53,31.31,7170.56,,,,,
350,12/11/2025 13:14:53,31.36,7170.56,,,,,
351,12/11/2025 13:15:53,31.31,7454.72,,,,,
352,12/11/2025 13:16:53,31.36,6743.04,,,,,
353,12/11/2025 13:17:53,31.31,4500.48,,,,,
354,12/11/2025 13:18:53,31.31,7403.52,,,,,
355,12/11/2025 13:19:53,31.36,7365.12,,,,,
356,12/11/2025 13:20:53,31.40,7403.52,,,,,
357,12/11/2025 13:21:53,31.40,7416.32,,,,,
358,12/11/2025 13:22:53,31.40,7521.28,,,,,
359,12/11/2025 13:23:53,31.36,7715.84,,,,,
360,12/11/2025 13:24:53,31.40,7539.20,,,,,
361,12/11/2025 13:25:53,31.40,7552.00,,,,,
362,12/11/2025 13:26:53,31.44,7580.16,,,,,
363,12/11/2025 13:27:53,31.40,7552.00,,,,,
364,12/11/2025 13:28:53,31.44,7669.76,,,,,
365,12/11/2025 13:29:53,31.44,7889.92,,,,,
366,12/11/2025 13:30:53,31.40,8202.24,,,,,
367,12/11/2025 13:31:53,31.44,8376.32,,,,,
368,12/11/2025 13:32:53,31.44,5931.52,,,,,
369,12/11/2025 13:33:53,31.40,8066.56,,,,,
370,12/11/2025 13:34:53,31.44,7636.48,,,,,
371,12/11/2025 13:35:53,31.44,7552.00,,,,,
372,12/11/2025 13:36:53,31.44,7564.80,,,,,
373,12/11/2025 13:37:53,31.49,7623.68,,,,,
374,12/11/2025 13:38:53,31.49,7649.28,,,,,
375,12/11/2025 13:39:53,31.49,7715.84,,,,,
376,12/11/2025 13:40:53,31.53,7800.32,,,,,
377,12/11/2025 13:41:53,31.49,7800.32,,,,,
378,12/11/2025 13:42:53,31.49,7818.24,,,,,
379,12/11/2025 13:43:53,31.49,7741.44,,,,,
380,12/11/2025 13:44:53,31.49,7733.76,,,,,
381,12/11/2025 13:45:53,31.44,7682.56,,,,,
382,12/11/2025 13:46:53,31.53,7649.28,,,,,
383,12/11/2025 13:47:53,31.49,7559.68,,,,,
384,12/11/2025 13:48:53,31.53,7513.60,,,,,
385,12/11/2025 13:49:53,31.44,7546.88,,,,,
386,12/11/2025 13:50:53,31.53,7462.40,,,,,
387,12/11/2025 13:51:53,31.53,7454.72,,,,,
388,12/11/2025 13:52:53,31.53,7416.32,,,,,
389,12/11/2025 13:53:53,31.53,7403.52,,,,,
390,12/11/2025 13:54:53,31.53,7436.80,,,,,
391,12/11/2025 13:55:53,31.53,7605.76,,,,,
392,12/11/2025 13:56:53,31.53,7521.28,,,,,
393,12/11/2025 13:57:53,31.53,7703.04,,,,,
394,12/11/2025 13:58:53,31.53,7623.68,,,,,
395,12/11/2025 13:59:53,31.53,7746.56,,,,,
396,12/11/2025 14:00:53,31.57,7720.96,,,,,
397,12/11/2025 14:01:53,31.53,7564.80,,,,,
398,12/11/2025 14:02:53,31.57,7728.64,,,,,
399,12/11/2025 14:03:53,31.57,7370.24,,,,,
400,12/11/2025 14:04:53,31.49,7201.28,,,,,
401,12/11/2025 14:05:53,31.53,7398.40,,,,,
402,12/11/2025 14:06:53,31.57,7255.04,,,,,
403,12/11/2025 14:07:53,31.57,6883.84,,,,,
404,12/11/2025 14:08:53,31.53,6727.68,,,,,
405,12/11/2025 14:09:53,31.57,6533.12,,,,,
406,12/11/2025 14:10:53,31.49,2017.92,,,,,
407,12/11/2025 14:11:53,31.44,5573.12,,,,,
408,12/11/2025 14:12:53,31.49,5839.36,,,,,
409,12/11/2025 14:13:53,31.49,5332.48,,,,,
410,12/11/2025 14:14:53,31.49,5223.68,,,,,
411,12/11/2025 14:15:53,31.49,5162.24,,,,,
412,12/11/2025 14:16:53,31.49,5388.80,,,,,
413,12/11/2025 14:17:53,31.49,5029.12,,,,,
414,12/11/2025 14:18:53,31.53,5006.08,,,,,
415,12/11/2025 14:19:53,31.44,4885.76,,,,,
416,12/11/2025 14:20:53,31.53,6041.60,,,,,
417,12/11/2025 14:21:53,31.49,4503.04,,,,,
418,12/11/2025 14:22:53,31.49,4314.88,,,,,
419,12/11/2025 14:23:53,31.53,4247.04,,,,,
420,12/11/2025 14:24:53,31.49,4944.64,,,,,
421,12/11/2025 14:25:53,31.44,3860.48,,,,,
422,12/11/2025 14:26:53,31.49,3741.44,,,,,
423,12/11/2025 14:27:53,31.44,3659.52,,,,,
424,12/11/2025 14:28:53,31.44,3351.04,,,,,
425,12/11/2025 14:29:53,31.44,1995.52,,,,,
426,12/11/2025 14:30:53,31.49,3129.60,,,,,
427,12/11/2025 14:31:53,31.44,2993.92,,,,,
428,12/11/2025 14:32:53,31.40,1653.12,,,,,
429,12/11/2025 14:33:53,31.40,1674.24,,,,,
430,12/11/2025 14:34:53,31.40,2565.12,,,,,
431,12/11/2025 14:35:53,31.36,2464.00,,,,,
432,12/11/2025 14:36:53,31.40,2540.80,,,,,
433,12/11/2025 14:37:53,31.49,2400.64,,,,,
434,12/11/2025 14:38:53,31.40,2316.80,,,,,
435,12/11/2025 14:39:53,31.40,2475.52,,,,,
436,12/11/2025 14:40:53,31.44,2324.48,,,,,
437,12/11/2025 14:41:53,31.44,2074.88,,,,,
438,12/11/2025 14:42:53,31.44,2083.20,,,,,
439,12/11/2025 14:43:53,31.44,2051.84,,,,,
440,12/11/2025 14:44:53,31.44,2045.44,,,,,
441,12/11/2025 14:45:53,31.44,2105.60,,,,,
442,12/11/2025 14:46:53,31.40,2186.88,,,,,
443,12/11/2025 14:47:53,31.40,2199.68,,,,,
444,12/11/2025 14:48:53,31.36,1799.04,,,,,
445,12/11/2025 14:49:53,31.40,1355.52,,,,,
446,12/11/2025 14:50:53,31.40,1641.60,,,,,
447,12/11/2025 14:51:53,31.40,2181.76,,,,,
448,12/11/2025 14:52:53,31.40,2330.88,,,,,
449,12/11/2025 14:53:53,31.40,2472.32,,,,,
450,12/11/2025 14:54:53,31.44,2371.84,,,,,
451,12/11/2025 14:55:53,31.40,2230.40,,,,,
452,12/11/2025 14:56:53,31.40,2157.44,,,,,
453,12/11/2025 14:57:53,31.44,2044.16,,,,,
454,12/11/2025 14:58:53,31.40,1956.48,,,,,
455,12/11/2025 14:59:53,31.40,2193.28,,,,,
456,12/11/2025 15:00:53,31.40,2013.44,,,,,
457,12/11/2025 15:01:53,31.40,1729.28,,,,,
458,12/11/2025 15:02:53,31.36,1554.56,,,,,
459,12/11/2025 15:03:53,31.44,1452.80,,,,,
460,12/11/2025 15:04:53,31.40,1359.36,,,,,
461,12/11/2025 15:05:53,31.44,1279.04,,,,,
462,12/11/2025 15:06:53,31.36,1204.48,,,,,
463,12/11/2025 15:07:53,31.40,1146.88,,,,,
464,12/11/2025 15:08:53,31.40,1828.48,,,,,
465,12/11/2025 15:09:53,31.40,1826.56,,,,,
466,12/11/2025 15:10:53,31.40,1907.84,,,,,
467,12/11/2025 15:11:53,31.40,1899.52,,,,,
468,12/11/2025 15:12:53,31.44,1873.92,,,,,
469,12/11/2025 15:13:53,31.44,1270.40,,,,,
470,12/11/2025 15:14:53,31.44,1730.56,,,,,
471,12/11/2025 15:15:53,31.40,2006.40,,,,,
472,12/11/2025 15:16:53,31.44,1998.72,,,,,
473,12/11/2025 15:17:53,31.40,2229.12,,,,,
474,12/11/2025 15:18:53,31.49,2711.04,,,,,
475,12/11/2025 15:19:53,31.44,2707.20,,,,,
476,12/11/2025 15:20:53,31.49,2408.96,,,,,
477,12/11/2025 15:21:53,31.49,1557.12,,,,,
478,12/11/2025 15:22:53,31.44,1356.16,,,,,
479,12/11/2025 15:23:53,31.44,1235.52,,,,,
480,12/11/2025 15:24:53,31.44,1284.16,,,,,
481,12/11/2025 15:25:53,31.44,1347.20,,,,,
482,12/11/2025 15:26:53,31.40,1418.24,,,,,
483,12/11/2025 15:27:53,31.44,1413.76,,,,,
484,12/11/2025 15:28:53,31.49,1510.40,,,,,
485,12/11/2025 15:29:53,31.44,1872.00,,,,,
486,12/11/2025 15:30:53,31.49,1895.04,,,,,
487,12/11/2025 15:31:53,31.44,1873.92,,,,,
488,12/11/2025 15:32:53,31.44,1768.32,,,,,
489,12/11/2025 15:33:53,31.44,1659.52,,,,,
490,12/11/2025 15:34:53,31.44,1612.16,,,,,
491,12/11/2025 15:35:53,31.44,1594.88,,,,,
492,12/11/2025 15:36:53,31.49,1555.84,,,,,
493,12/11/2025 15:37:53,31.40,1553.92,,,,,
494,12/11/2025 15:38:53,31.44,1594.88,,,,,
495,12/11/2025 15:39:53,31.44,1518.08,,,,,
496,12/11/2025 15:40:53,31.44,1483.52,,,,,
497,12/11/2025 15:41:53,31.49,1505.92,,,,,
498,12/11/2025 15:42:53,31.49,1486.08,,,,,
499,12/11/2025 15:43:53,31.44,1459.84,,,,,
500,12/11/2025 15:44:53,31.44,1337.60,,,,,
501,12/11/2025 15:45:53,31.49,1349.76,,,,,
502,12/11/2025 15:46:53,31.44,1446.40,,,,,
503,12/11/2025 15:47:53,31.44,1429.12,,,,,
504,12/11/2025 15:48:53,31.44,1389.44,,,,,
505,12/11/2025 15:49:53,31.40,1392.64,,,,,
506,12/11/2025 15:50:53,31.44,1377.92,,,,,
507,12/11/2025 15:51:53,31.44,1363.20,,,,,
508,12/11/2025 15:52:53,31.44,1377.92,,,,,
509,12/11/2025 15:53:53,31.49,1356.80,,,,,
510,12/11/2025 15:54:53,31.40,1346.56,,,,,
511,12/11/2025 15:55:53,31.44,1341.44,,,,,
512,12/11/2025 15:56:53,31.40,1338.24,,,,,
513,12/11/2025 15:57:53,31.44,1303.36,,,,,
514,12/11/2025 15:58:53,31.44,1301.12,,,,,
515,12/11/2025 15:59:53,31.40,1277.44,,,,,
516,12/11/2025 16:00:53,31.44,1257.28,,,,,
517,12/11/2025 16:01:53,31.49,1191.68,,,,,
518,12/11/2025 16:02:53,31.44,1240.96,,,,,
519,12/11/2025 16:03:53,31.44,1224.96,,,,,
520,12/11/2025 16:04:53,31.49,1217.60,,,,,
521,12/11/2025 16:05:53,31.49,1202.24,,,,,
522,12/11/2025 16:06:53,31.44,1209.28,,,,,
523,12/11/2025 16:07:53,31.49,1205.44,,,,,
524,12/11/2025 16:08:53,31.44,1212.80,,,,,
525,12/11/2025 16:09:53,31.44,1199.68,,,,,
526,12/11/2025 16:10:53,31.44,1178.56,,,,,
527,12/11/2025 16:11:53,31.44,1143.68,,,,,
528,12/11/2025 16:12:53,31.44,1142.08,,,,,
529,12/11/2025 16:13:53,31.44,1115.20,,,,,
530,12/11/2025 16:14:53,31.44,1107.84,,,,,
531,12/11/2025 16:15:53,31.49,1112.96,,,,,
532,12/11/2025 16:16:53,31.44,1024.32,,,,,
533,12/11/2025 16:17:53,31.44,1137.92,,,,,
534,12/11/2025 16:18:53,31.40,1103.04,,,,,
535,12/11/2025 16:19:53,31.44,1105.60,,,,,
536,12/11/2025 16:20:53,31.40,1117.76,,,,,
537,12/11/2025 16:21:53,31.40,1090.88,,,,,
538,12/11/2025 16:22:53,31.44,809.92,,,,,
539,12/11/2025 16:23:53,31.40,765.12,,,,,
540,12/11/2025 16:24:53,31.40,792.96,,,,,
541,12/11/2025 16:25:53,31.40,1018.88,,,,,
542,12/11/2025 16:26:53,31.40,1000.00,,,,,
543,12/11/2025 16:27:53,31.40,985.60,,,,,
544,12/11/2025 16:28:53,31.40,949.12,,,,,
545,12/11/2025 16:29:53,31.40,874.24,,,,,
546,12/11/2025 16:30:53,31.44,709.76,,,,,
547,12/11/2025 16:31:53,31.40,697.60,,,,,
548,12/11/2025 16:32:53,31.40,686.08,,,,,
549,12/11/2025 16:33:53,31.44,691.84,,,,,
550,12/11/2025 16:34:53,31.40,696.64,,,,,
551,12/11/2025 16:35:53,31.40,669.12,,,,,
552,12/11/2025 16:36:53,31.36,647.36,,,,,
553,12/11/2025 16:37:53,31.40,636.32,,,,,
554,12/11/2025 16:38:53,31.36,625.76,,,,,
555,12/11/2025 16:39:53,31.31,612.00,,,,,
556,12/11/2025 16:40:53,31.36,599.04,,,,,
557,12/11/2025 16:41:53,31.36,590.88,,,,,
558,12/11/2025 16:42:53,31.40,586.08,,,,,
559,12/11/2025 16:43:53,31.36,583.68,,,,,
560,12/11/2025 16:44:53,31.40,581.12,,,,,
561,12/11/2025 16:45:53,31.36,574.72,,,,,
562,12/11/2025 16:46:53,31.40,568.64,,,,,
563,12/11/2025 16:47:53,31.40,560.48,,,,,
564,12/11/2025 16:48:53,31.36,551.52,,,,,
565,12/11/2025 16:49:53,31.36,542.72,,,,,
566,12/11/2025 16:50:53,31.36,532.96,,,,,
567,12/11/2025 16:51:53,31.36,524.00,,,,,
568,12/11/2025 16:52:53,31.31,516.64,,,,,
569,12/11/2025 16:53:53,31.36,506.88,,,,,
570,12/11/2025 16:54:53,31.36,498.88,,,,,
571,12/11/2025 16:55:53,31.36,488.32,,,,,
572,12/11/2025 16:56:53,31.36,480.16,,,,,
573,12/11/2025 16:57:53,31.31,471.68,,,,,
574,12/11/2025 16:58:53,31.31,465.92,,,,,
575,12/11/2025 16:59:53,31.40,467.68,,,,,
576,12/11/2025 17:00:53,31.36,468.48,,,,,
577,12/11/2025 17:01:53,31.36,470.88,,,,,
578,12/11/2025 17:02:53,31.31,492.32,,,,,
579,12/11/2025 17:03:53,31.36,520.80,,,,,
580,12/11/2025 17:04:53,31.31,553.92,,,,,
581,12/11/2025 17:05:53,31.36,628.64,,,,,
582,12/11/2025 17:06:53,31.40,641.60,,,,,
583,12/11/2025 17:07:53,31.31,552.80,,,,,
584,12/11/2025 17:08:53,31.31,466.72,,,,,
585,12/11/2025 17:09:53,31.31,411.68,,,,,
586,12/11/2025 17:10:53,31.31,374.24,,,,,
587,12/11/2025 17:11:53,31.31,356.80,,,,,
588,12/11/2025 17:12:53,31.31,364.96,,,,,
589,12/11/2025 17:13:53,31.27,368.64,,,,,
590,12/11/2025 17:14:53,31.27,350.40,,,,,
591,12/11/2025 17:15:53,31.27,318.56,,,,,
592,12/11/2025 17:16:53,31.27,295.04,,,,,
593,12/11/2025 17:17:53,31.23,281.84,,,,,
594,12/11/2025 17:18:53,31.27,272.16,,,,,
595,12/11/2025 17:19:53,31.27,265.68,,,,,
596,12/11/2025 17:20:53,31.31,255.12,,,,,
597,12/11/2025 17:21:53,31.27,244.32,,,,,
598,12/11/2025 17:22:53,31.27,233.20,,,,,
599,12/11/2025 17:23:53,31.27,225.04,,,,,
600,12/11/2025 17:24:53,31.27,217.60,,,,,
601,12/11/2025 17:25:53,31.23,211.12,,,,,
602,12/11/2025 17:26:53,31.27,199.76,,,,,
603,12/11/2025 17:27:53,31.27,189.76,,,,,
604,12/11/2025 17:28:53,31.27,176.80,,,,,
605,12/11/2025 17:29:53,31.27,167.04,,,,,
606,12/11/2025 17:30:53,31.27,155.64,,,,,
607,12/11/2025 17:31:53,31.23,145.80,,,,,
608,12/11/2025 17:32:53,31.23,136.76,,,,,
609,12/11/2025 17:33:53,31.27,126.24,,,,,
610,12/11/2025 17:34:53,31.23,115.68,,,,,
611,12/11/2025 17:35:53,31.27,107.48,,,,,
612,12/11/2025 17:36:53,31.23,97.72,,,,,
613,12/11/2025 17:37:53,31.23,88.00,,,,,
614,12/11/2025 17:38:53,31.23,79.08,,,,,
615,12/11/2025 17:39:53,31.23,72.50,,,,,
616,12/11/2025 17:40:53,31.27,65.90,,,,,
617,12/11/2025 17:41:53,31.27,58.20,,,,,
618,12/11/2025 17:42:53,31.27,51.30,,,,,
619,12/11/2025 17:43:53,31.27,45.16,,,,,
620,12/11/2025 17:44:53,31.23,39.85,,,,,
621,12/11/2025 17:45:53,31.23,34.17,,,,,
622,12/11/2025 17:46:53,31.23,30.06,,,,,
623,12/11/2025 17:47:53,31.23,26.01,,,,,
624,12/11/2025 17:48:53,31.19,22.76,,,,,
625,12/11/2025 17:49:53,31.19,20.28,,,,,
626,12/11/2025 17:50:53,31.23,16.85,,,,,
627,12/11/2025 17:51:53,31.23,14.42,,,,,
628,12/11/2025 17:52:53,31.19,12.37,,,,,
629,12/11/2025 17:53:53,31.23,10.34,,,,,
630,12/11/2025 17:54:53,31.23,8.51,,,,,
631,12/11/2025 17:55:53,31.19,6.89,,,,,
632,12/11/2025 17:56:53,31.23,5.47,,,,,
633,12/11/2025 17:57:53,31.19,4.25,,,,,
634,12/11/2025 17:58:53,31.23,3.24,,,,,
635,12/11/2025 17:59:53,31.23,2.63,,,,,
636,12/11/2025 18:00:53,31.19,2.02,,,,,
637,12/11/2025 18:01:53,31.19,1.41,,,,,
638,12/11/2025 18:02:53,31.19,1.21,,,,,
639,12/11/2025 18:03:53,31.23,0.81,,,,,
640,12/11/2025 18:04:53,31.19,0.60,,,,,
641,12/11/2025 18:05:53,31.23,0.40,,,,,
642,12/11/2025 18:06:53,31.23,0.40,,,,,
643,12/11/2025 18:07:53,31.19,0.20,,,,,
644,12/11/2025 18:08:53,31.19,0.20,,,,,
645,12/11/2025 18:09:53,31.19,0.20,,,,,
646,12/11/2025 18:10:53,31.19,0.00,,,,,
647,12/11/2025 18:11:53,31.19,0.00,,,,,
648,12/11/2025 18:12:53,31.19,0.00,,,,,
649,12/11/2025 18:13:53,31.14,0.00,,,,,
650,12/11/2025 18:14:53,31.14,0.00,,,,,
651,12/11/2025 18:15:53,31.14,0.00,,,,,
652,12/11/2025 18:16:53,31.19,0.00,,,,,
653,12/11/2025 18:17:53,31.14,0.00,,,,,
654,12/11/2025 18:18:53,31.19,0.40,,,,,
655,12/11/2025 18:19:53,31.14,0.00,,,,,
656,12/11/2025 18:20:53,31.14,0.00,,,,,
657,12/11/2025 18:21:53,31.19,0.00,,,,,
658,12/11/2025 18:22:53,31.14,0.00,,,,,
659,12/11/2025 18:23:53,31.14,0.00,,,,,
660,12/11/2025 18:24:53,31.14,0.00,,,,,
661,12/11/2025 18:25:53,31.14,0.00,,,,,
662,12/11/2025 18:26:53,31.14,0.00,,,,,
663,12/11/2025 18:27:53,31.10,0.00,,,,,
664,12/11/2025 18:28:53,31.14,0.00,,,,,
665,12/11/2025 18:29:53,31.14,0.00,,,,,
666,12/11/2025 18:30:53,31.06,0.00,,,,,
667,12/11/2025 18:31:53,31.10,0.00,,,,,
668,12/11/2025 18:32:53,31.14,0.00,,,,,
669,12/11/2025 18:33:53,31.14,0.00,,,,,
670,12/11/2025 18:34:53,31.14,0.00,,,,,
671,12/11/2025 18:35:53,31.10,0.00,,,,,
672,12/11/2025 18:36:53,31.14,0.00,,,,,
673,12/11/2025 18:37:53,31.10,0.00,,,,,
674,12/11/2025 18:38:53,31.10,0.00,,,,,
675,12/11/2025 18:39:53,31.10,0.00,,,,,
676,12/11/2025 18:40:53,31.06,0.00,,,,,
677,12/11/2025 18:41:53,31.06,0.00,,,,,
678,12/11/2025 18:42:53,31.10,0.00,,,,,
679,12/11/2025 18:43:53,31.06,0.00,,,,,
680,12/11/2025 18:44:53,31.06,0.00,,,,,
681,12/11/2025 18:45:53,31.10,0.00,,,,,
682,12/11/2025 18:46:53,31.10,0.00,,,,,
683,12/11/2025 18:47:53,31.06,0.00,,,,,
684,12/11/2025 18:48:53,31.10,0.00,,,,,
685,12/11/2025 18:49:53,31.10,0.00,,,,,
686,12/11/2025 18:50:53,31.06,0.00,,,,,
687,12/11/2025 18:51:53,31.06,0.00,,,,,
688,12/11/2025 18:52:53,31.10,0.00,,,,,
689,12/11/2025 18:53:53,31.10,0.00,,,,,
690,12/11/2025 18:54:53,31.06,0.00,,,,,
691,12/11/2025 18:55:53,31.10,0.00,,,,,
692,12/11/2025 18:56:53,31.06,0.20,,,,,
693,12/11/2025 18:57:53,31.06,0.00,,,,,
694,12/11/2025 18:58:53,31.10,0.00,,,,,
695,12/11/2025 18:59:53,31.06,0.00,,,,,
696,12/11/2025 19:00:53,31.06,0.00,,,,,
697,12/11/2025 19:01:53,31.06,0.00,,,,,
698,12/11/2025 19:02:53,31.01,0.00,,,,,
699,12/11/2025 19:03:53,31.06,0.00,,,,,
700,12/11/2025 19:04:53,31.01,0.00,,,,,
701,12/11/2025 19:05:53,31.06,0.00,,,,,
702,12/11/2025 19:06:53,31.01,0.00,,,,,
703,12/11/2025 19:07:53,31.06,0.00,,,,,
704,12/11/2025 19:08:53,31.01,0.00,,,,,
705,12/11/2025 19:09:53,31.06,0.00,,,,,
706,12/11/2025 19:10:53,31.01,0.00,,,,,
707,12/11/2025 19:11:53,31.01,0.00,,,,,
708,12/11/2025 19:12:53,30.97,0.00,,,,,
709,12/11/2025 19:13:53,31.01,0.00,,,,,
710,12/11/2025 19:14:53,30.97,0.00,,,,,
711,12/11/2025 19:15:53,31.01,0.00,,,,,
712,12/11/2025 19:16:53,31.01,0.00,,,,,
713,12/11/2025 19:17:53,31.01,0.00,,,,,
714,12/11/2025 19:18:53,30.97,0.00,,,,,
715,12/11/2025 19:19:53,30.97,0.00,,,,,
716,12/11/2025 19:20:53,31.01,0.00,,,,,
717,12/11/2025 19:21:53,31.01,0.00,,,,,
718,12/11/2025 19:22:53,30.97,0.00,,,,,
719,12/11/2025 19:23:53,31.01,0.00,,,,,
720,12/11/2025 19:24:53,30.97,0.00,,,,,
721,12/11/2025 19:25:53,31.01,0.00,,,,,
722,12/11/2025 19:26:53,31.01,0.00,,,,,
723,12/11/2025 19:27:53,30.97,0.00,,,,,
724,12/11/2025 19:28:53,30.97,0.00,,,,,
725,12/11/2025 19:29:53,30.97,0.00,,,,,
726,12/11/2025 19:30:53,31.01,0.00,,,,,
727,12/11/2025 19:31:53,30.97,0.00,,,,,
728,12/11/2025 19:32:53,30.97,0.00,,,,,
729,12/11/2025 19:33:53,30.97,0.00,,,,,
730,12/11/2025 19:34:53,30.97,0.00,,,,,
731,12/11/2025 19:35:53,30.97,0.00,,,,,
732,12/11/2025 19:36:53,30.93,0.00,,,,,
733,12/11/2025 19:37:53,30.97,0.00,,,,,
734,12/11/2025 19:38:53,30.97,0.00,,,,,
735,12/11/2025 19:39:53,30.93,0.00,,,,,
736,12/11/2025 19:40:53,30.93,0.00,,,,,
737,12/11/2025 19:41:53,30.97,0.00,,,,,
738,12/11/2025 19:42:53,30.97,0.00,,,,,
739,12/11/2025 19:43:53,30.97,0.00,,,,,
740,12/11/2025 19:44:53,30.97,0.00,,,,,
741,12/11/2025 19:45:53,30.89,0.00,,,,,
742,12/11/2025 19:46:53,30.89,0.00,,,,,
743,12/11/2025 19:47:53,30.97,0.00,,,,,
744,12/11/2025 19:48:53,30.97,0.00,,,,,
745,12/11/2025 19:49:53,30.97,0.20,,,,,
746,12/11/2025 19:50:53,30.93,0.00,,,,,
747,12/11/2025 19:51:53,30.93,0.00,,,,,
748,12/11/2025 19:52:53,30.89,0.00,,,,,
749,12/11/2025 19:53:53,30.93,0.00,,,,,
750,12/11/2025 19:54:53,30.97,0.00,,,,,
751,12/11/2025 19:55:53,30.93,0.00,,,,,
752,12/11/2025 19:56:53,30.93,0.00,,,,,
753,12/11/2025 19:57:53,30.93,0.00,,,,,
754,12/11/2025 19:58:53,30.93,0.00,,,,,
755,12/11/2025 19:59:53,30.89,0.00,,,,,
756,12/11/2025 20:00:53,30.89,0.00,,,,,
757,12/11/2025 20:01:53,30.89,0.00,,,,,
758,12/11/2025 20:02:53,30.84,0.00,,,,,
759,12/11/2025 20:03:53,30.93,0.00,,,,,
760,12/11/2025 20:04:53,30.89,0.00,,,,,
761,12/11/2025 20:05:53,30.89,0.00,,,,,
762,12/11/2025 20:06:53,30.89,0.00,,,,,
763,12/11/2025 20:07:53,30.89,0.00,,,,,
764,12/11/2025 20:08:53,30.84,0.00,,,,,
765,12/11/2025 20:09:53,30.84,0.00,,,,,
766,12/11/2025 20:10:53,30.89,0.00,,,,,
767,12/11/2025 20:11:53,30.84,0.00,,,,,
768,12/11/2025 20:12:53,30.89,0.00,,,,,
769,12/11/2025 20:13:53,30.84,0.00,,,,,
770,12/11/2025 20:14:53,30.84,0.00,,,,,
771,12/11/2025 20:15:53,30.84,0.00,,,,,
772,12/11/2025 20:16:53,30.80,0.00,,,,,
773,12/11/2025 20:17:53,30.84,0.00,,,,,
774,12/11/2025 20:18:53,30.84,0.00,,,,,
775,12/11/2025 20:19:53,30.80,0.00,,,,,
776,12/11/2025 20:20:53,30.84,0.00,,,,,
777,12/11/2025 20:21:53,30.80,0.00,,,,,
778,12/11/2025 20:22:53,30.84,0.00,,,,,
779,12/11/2025 20:23:53,30.80,0.00,,,,,
780,12/11/2025 20:24:53,30.84,0.00,,,,,
781,12/11/2025 20:25:53,30.84,0.00,,,,,
782,12/11/2025 20:26:53,30.84,0.00,,,,,
783,12/11/2025 20:27:53,30.76,0.20,,,,,
784,12/11/2025 20:28:53,30.80,0.00,,,,,
785,12/11/2025 20:29:53,30.84,0.00,,,,,
786,12/11/2025 20:30:53,30.84,0.00,,,,,
787,12/11/2025 20:31:53,30.80,0.00,,,,,
788,12/11/2025 20:32:53,30.76,0.00,,,,,
789,12/11/2025 20:33:53,30.80,0.00,,,,,
790,12/11/2025 20:34:53,30.76,0.00,,,,,
791,12/11/2025 20:35:53,30.80,0.00,,,,,
792,12/11/2025 20:36:53,30.76,0.00,,,,,
793,12/11/2025 20:37:53,30.84,0.00,,,,,
794,12/11/2025 20:38:53,30.76,0.00,,,,,
795,12/11/2025 20:39:53,30.71,0.00,,,,,
796,12/11/2025 20:40:53,30.76,0.00,,,,,
797,12/11/2025 20:41:53,30.76,0.00,,,,,
798,12/11/2025 20:42:53,30.76,0.00,,,,,
799,12/11/2025 20:43:53,30.76,0.00,,,,,
800,12/11/2025 20:44:53,30.80,0.00,,,,,
801,12/11/2025 20:45:53,30.71,0.00,,,,,
802,12/11/2025 20:46:53,30.80,0.00,,,,,
803,12/11/2025 20:47:53,30.76,0.00,,,,,
804,12/11/2025 20:48:53,30.71,0.00,,,,,
805,12/11/2025 20:49:53,30.76,0.00,,,,,
806,12/11/2025 20:50:53,30.71,0.00,,,,,
807,12/11/2025 20:51:53,30.71,0.00,,,,,
808,12/11/2025 20:52:53,30.76,0.00,,,,,
809,12/11/2025 20:53:53,30.71,0.00,,,,,
810,12/11/2025 20:54:53,30.76,0.00,,,,,
811,12/11/2025 20:55:53,30.71,0.00,,,,,
812,12/11/2025 20:56:53,30.76,0.00,,,,,
813,12/11/2025 20:57:53,30.76,0.00,,,,,
814,12/11/2025 20:58:53,30.71,0.00,,,,,
815,12/11/2025 20:59:53,30.76,0.00,,,,,
816,12/11/2025 21:00:53,30.71,0.00,,,,,
817,12/11/2025 21:01:53,30.67,0.00,,,,,
818,12/11/2025 21:02:53,30.71,0.00,,,,,
819,12/11/2025 21:03:53,30.71,0.00,,,,,
820,12/11/2025 21:04:53,30.71,0.00,,,,,
821,12/11/2025 21:05:53,30.67,0.00,,,,,
822,12/11/2025 21:06:53,30.71,0.00,,,,,
823,12/11/2025 21:07:53,30.71,0.00,,,,,
824,12/11/2025 21:08:53,30.67,0.00,,,,,
825,12/11/2025 21:09:53,30.67,0.00,,,,,
826,12/11/2025 21:10:53,30.71,0.00,,,,,
827,12/11/2025 21:11:53,30.71,0.00,,,,,
828,12/11/2025 21:12:53,30.71,0.00,,,,,
829,12/11/2025 21:13:53,30.67,0.00,,,,,
830,12/11/2025 21:14:53,30.67,0.00,,,,,
831,12/11/2025 21:15:53,30.67,0.00,,,,,
832,12/11/2025 21:16:53,30.63,0.00,,,,,
833,12/11/2025 21:17:53,30.67,0.00,,,,,
834,12/11/2025 21:18:53,30.71,0.00,,,,,
835,12/11/2025 21:19:53,30.67,0.00,,,,,
836,12/11/2025 21:20:53,30.71,0.20,,,,,
837,12/11/2025 21:21:53,30.67,0.00,,,,,
838,12/11/2025 21:22:53,30.67,0.00,,,,,
839,12/11/2025 21:23:53,30.67,0.00,,,,,
840,12/11/2025 21:24:53,30.67,0.00,,,,,
841,12/11/2025 21:25:53,30.63,0.00,,,,,
842,12/11/2025 21:26:53,30.63,0.00,,,,,
843,12/11/2025 21:27:53,30.67,0.00,,,,,
844,12/11/2025 21:28:53,30.63,0.00,,,,,
845,12/11/2025 21:29:53,30.67,0.00,,,,,
846,12/11/2025 21:30:53,30.63,0.00,,,,,
847,12/11/2025 21:31:53,30.63,0.00,,,,,
848,12/11/2025 21:32:53,30.67,0.00,,,,,
849,12/11/2025 21:33:53,30.67,0.00,,,,,
850,12/11/2025 21:34:53,30.59,0.00,,,,,
851,12/11/2025 21:35:53,30.63,0.00,,,,,
852,12/11/2025 21:36:53,30.63,0.00,,,,,
853,12/11/2025 21:37:53,30.59,0.00,,,,,
854,12/11/2025 21:38:53,30.63,0.00,,,,,
855,12/11/2025 21:39:53,30.63,0.00,,,,,
856,12/11/2025 21:40:53,30.59,0.00,,,,,
857,12/11/2025 21:41:53,30.59,0.00,,,,,
858,12/11/2025 21:42:53,30.59,0.00,,,,,
859,12/11/2025 21:43:53,30.63,0.00,,,,,
860,12/11/2025 21:44:53,30.59,0.00,,,,,
861,12/11/2025 21:45:53,30.63,0.00,,,,,
862,12/11/2025 21:46:53,30.59,0.00,,,,,
863,12/11/2025 21:47:53,30.59,0.00,,,,,
864,12/11/2025 21:48:53,30.59,0.00,,,,,
865,12/11/2025 21:49:53,30.59,0.00,,,,,
866,12/11/2025 21:50:53,30.59,0.00,,,,,
867,12/11/2025 21:51:53,30.59,0.00,,,,,
868,12/11/2025 21:52:53,30.54,0.00,,,,,
869,12/11/2025 21:53:53,30.54,0.00,,,,,
870,12/11/2025 21:54:53,30.59,0.00,,,,,
871,12/11/2025 21:55:53,30.54,0.00,,,,,
872,12/11/2025 21:56:53,30.54,0.00,,,,,
873,12/11/2025 21:57:53,30.59,0.00,,,,,
874,12/11/2025 21:58:53,30.59,0.20,,,,,
875,12/11/2025 21:59:53,30.59,0.00,,,,,
876,12/11/2025 22:00:53,30.54,0.00,,,,,
877,12/11/2025 22:01:53,30.63,0.00,,,,,
878,12/11/2025 22:02:53,30.59,0.00,,,,,
879,12/11/2025 22:03:53,30.54,0.00,,,,,
880,12/11/2025 22:04:53,30.54,0.00,,,,,
881,12/11/2025 22:05:53,30.54,0.00,,,,,
882,12/11/2025 22:06:53,30.54,0.00,,,,,
883,12/11/2025 22:07:53,30.50,0.00,,,,,
884,12/11/2025 22:08:53,30.50,0.00,,,,,
885,12/11/2025 22:09:53,30.50,0.00,,,,,
886,12/11/2025 22:10:53,30.50,0.00,,,,,
887,12/11/2025 22:11:53,30.50,0.00,,,,,
888,12/11/2025 22:12:53,30.54,0.00,,,,,
889,12/11/2025 22:13:53,30.54,0.00,,,,,
890,12/11/2025 22:14:53,30.46,0.00,,,,,
891,12/11/2025 22:15:53,30.50,0.00,,,,,
892,12/11/2025 22:16:53,30.54,0.00,,,,,
893,12/11/2025 22:17:53,30.50,0.00,,,,,
894,12/11/2025 22:18:53,30.54,0.00,,,,,
895,12/11/2025 22:19:53,30.50,0.00,,,,,
896,12/11/2025 22:20:53,30.46,0.00,,,,,
897,12/11/2025 22:21:53,30.50,0.00,,,,,
898,12/11/2025 22:22:53,30.50,0.00,,,,,
899,12/11/2025 22:23:53,30.46,0.00,,,,,
900,12/11/2025 22:24:53,30.50,0.00,,,,,
901,12/11/2025 22:25:53,30.50,0.00,,,,,
902,12/11/2025 22:26:53,30.46,0.00,,,,,
903,12/11/2025 22:27:53,30.46,0.00,,,,,
904,12/11/2025 22:28:53,30.46,0.00,,,,,
905,12/11/2025 22:29:53,30.46,0.00,,,,,
906,12/11/2025 22:30:53,30.46,0.00,,,,,
907,12/11/2025 22:31:53,30.46,0.00,,,,,
908,12/11/2025 22:32:53,30.50,0.00,,,,,
909,12/11/2025 22:33:53,30.50,0.00,,,,,
910,12/11/2025 22:34:53,30.46,0.00,,,,,
911,12/11/2025 22:35:53,30.50,0.00,,,,,
912,12/11/2025 22:36:53,30.41,0.00,,,,,
913,12/11/2025 22:37:53,30.46,0.00,,,,,
914,12/11/2025 22:38:53,30.46,0.00,,,,,
915,12/11/2025 22:39:53,30.50,0.00,,,,,
916,12/11/2025 22:40:53,30.46,0.00,,,,,
917,12/11/2025 22:41:53,30.50,0.00,,,,,
918,12/11/2025 22:42:53,30.46,0.00,,,,,
919,12/11/2025 22:43:53,30.46,0.00,,,,,
920,12/11/2025 22:44:53,30.46,0.00,,,,,
921,12/11/2025 22:45:53,30.50,0.00,,,,,
922,12/11/2025 22:46:53,30.41,0.00,,,,,
923,12/11/2025 22:47:53,30.41,0.00,,,,,
924,12/11/2025 22:48:53,30.41,0.00,,,,,
925,12/11/2025 22:49:53,30.41,0.00,,,,,
926,12/11/2025 22:50:53,30.41,0.00,,,,,
927,12/11/2025 22:51:53,30.41,0.20,,,,,
928,12/11/2025 22:52:53,30.41,0.00,,,,,
929,12/11/2025 22:53:53,30.46,0.00,,,,,
930,12/11/2025 22:54:53,30.46,0.00,,,,,
931,12/11/2025 22:55:53,30.37,0.00,,,,,
932,12/11/2025 22:56:53,30.46,0.00,,,,,
933,12/11/2025 22:57:53,30.37,0.00,,,,,
934,12/11/2025 22:58:53,30.37,0.00,,,,,
935,12/11/2025 22:59:53,30.41,0.00,,,,,
936,12/11/2025 23:00:53,30.37,0.00,,,,,
937,12/11/2025 23:01:53,30.41,0.00,,,,,
938,12/11/2025 23:02:53,30.37,0.00,,,,,
939,12/11/2025 23:03:53,30.41,0.00,,,,,
940,12/11/2025 23:04:53,30.41,0.00,,,,,
941,12/11/2025 23:05:53,30.37,0.00,,,,,
942,12/11/2025 23:06:53,30.37,0.00,,,,,
943,12/11/2025 23:07:53,30.37,0.00,,,,,
944,12/11/2025 23:08:53,30.37,0.00,,,,,
945,12/11/2025 23:09:53,30.37,0.00,,,,,
946,12/11/2025 23:10:53,30.37,0.00,,,,,
947,12/11/2025 23:11:53,30.37,0.00,,,,,
948,12/11/2025 23:12:53,30.33,0.00,,,,,
949,12/11/2025 23:13:53,30.33,0.00,,,,,
950,12/11/2025 23:14:53,30.33,0.00,,,,,
951,12/11/2025 23:15:53,30.37,0.00,,,,,
952,12/11/2025 23:16:53,30.33,0.00,,,,,
953,12/11/2025 23:17:53,30.33,0.00,,,,,
954,12/11/2025 23:18:53,30.37,0.00,,,,,
955,12/11/2025 23:19:53,30.37,0.00,,,,,
956,12/11/2025 23:20:53,30.33,0.00,,,,,
957,12/11/2025 23:21:53,30.37,0.00,,,,,
958,12/11/2025 23:22:53,30.33,0.00,,,,,
959,12/11/2025 23:23:53,30.33,0.00,,,,,
960,12/11/2025 23:24:53,30.37,0.00,,,,,
961,12/11/2025 23:25:53,30.33,0.00,,,,,
962,12/11/2025 23:26:53,30.33,0.00,,,,,
963,12/11/2025 23:27:53,30.28,0.00,,,,,
964,12/11/2025 23:28:53,30.37,0.00,,,,,
965,12/11/2025 23:29:53,30.33,0.20,,,,,
966,12/11/2025 23:30:53,30.37,0.00,,,,,
967,12/11/2025 23:31:53,30.28,0.00,,,,,
968,12/11/2025 23:32:53,30.37,0.00,,,,,
969,12/11/2025 23:33:53,30.28,0.00,,,,,
970,12/11/2025 23:34:53,30.33,0.00,,,,,
971,12/11/2025 23:35:53,30.33,0.00,,,,,
972,12/11/2025 23:36:53,30.33,0.00,,,,,
973,12/11/2025 23:37:53,30.28,0.00,,,,,
974,12/11/2025 23:38:53,30.28,0.00,,,,,
975,12/11/2025 23:39:53,30.24,0.00,,,,,
976,12/11/2025 23:40:53,30.33,0.00,,,,,
977,12/11/2025 23:41:53,30.28,0.00,,,,,
978,12/11/2025 23:42:53,30.33,0.00,,,,,
979,12/11/2025 23:43:53,30.28,0.00,,,,,
980,12/11/2025 23:44:53,30.28,0.00,,,,,
981,12/11/2025 23:45:53,30.33,0.00,,,,,
982,12/11/2025 23:46:53,30.28,0.00,,,,,
983,12/11/2025 23:47:53,30.33,0.00,,,,,
984,12/11/2025 23:48:53,30.33,0.00,,,,,
985,12/11/2025 23:49:53,30.28,0.00,,,,,
986,12/11/2025 23:50:53,30.28,0.00,,,,,
987,12/11/2025 23:51:53,30.24,0.00,,,,,
988,12/11/2025 23:52:53,30.24,0.00,,,,,
989,12/11/2025 23:53:53,30.33,0.00,,,,,
990,12/11/2025 23:54:53,30.28,0.00,,,,,
991,12/11/2025 23:55:53,30.28,0.00,,,,,
992,12/11/2025 23:56:53,30.28,0.00,,,,,
993,12/11/2025 23:57:53,30.28,0.00,,,,,
994,12/11/2025 23:58:53,30.24,0.00,,,,,
995,12/11/2025 23:59:53,30.24,0.00,,,,,
996,12/12/2025 00:00:53,30.24,0.00,,,,,
997,12/12/2025 00:01:53,30.24,0.00,,,,,
998,12/12/2025 00:02:53,30.28,0.00,,,,,
999,12/12/2025 00:03:53,30.28,0.00,,,,,
1000,12/12/2025 00:04:53,30.24,0.00,,,,,
1001,12/12/2025 00:05:53,30.28,0.00,,,,,
1002,12/12/2025 00:06:53,30.28,0.00,,,,,
1003,12/12/2025 00:07:53,30.28,0.20,,,,,
1004,12/12/2025 00:08:53,30.24,0.00,,,,,
1005,12/12/2025 00:09:53,30.24,0.00,,,,,
1006,12/12/2025 00:10:53,30.20,0.00,,,,,
1007,12/12/2025 00:11:53,30.24,0.00,,,,,
1008,12/12/2025 00:12:53,30.24,0.00,,,,,
1009,12/12/2025 00:13:53,30.24,0.00,,,,,
1010,12/12/2025 00:14:53,30.20,0.00,,,,,
1011,12/12/2025 00:15:53,30.24,0.00,,,,,
1012,12/12/2025 00:16:53,30.20,0.00,,,,,
1013,12/12/2025 00:17:53,30.24,0.00,,,,,
1014,12/12/2025 00:18:53,30.28,0.00,,,,,
1015,12/12/2025 00:19:53,30.24,0.00,,,,,
1016,12/12/2025 00:20:53,30.24,0.00,,,,,
1017,12/12/2025 00:21:53,30.20,0.00,,,,,
1018,12/12/2025 00:22:53,30.16,0.20,,,,,
1019,12/12/2025 00:23:53,30.20,0.00,,,,,
1020,12/12/2025 00:24:53,30.20,0.00,,,,,
1021,12/12/2025 00:25:53,30.20,0.00,,,,,
1022,12/12/2025 00:26:53,30.20,0.00,,,,,
1023,12/12/2025 00:27:53,30.20,0.00,,,,,
1024,12/12/2025 00:28:53,30.20,0.00,,,,,
1025,12/12/2025 00:29:53,30.16,0.00,,,,,
1026,12/12/2025 00:30:53,30.20,0.00,,,,,
1027,12/12/2025 00:31:53,30.16,0.00,,,,,
1028,12/12/2025 00:32:53,30.16,0.00,,,,,
1029,12/12/2025 00:33:53,30.20,0.00,,,,,
1030,12/12/2025 00:34:53,30.20,0.00,,,,,
1031,12/12/2025 00:35:53,30.16,0.00,,,,,
1032,12/12/2025 00:36:53,30.16,0.00,,,,,
1033,12/12/2025 00:37:53,30.16,0.00,,,,,
1034,12/12/2025 00:38:53,30.20,0.00,,,,,
1035,12/12/2025 00:39:53,30.16,0.00,,,,,
1036,12/12/2025 00:40:53,30.20,0.00,,,,,
1037,12/12/2025 00:41:53,30.20,0.00,,,,,
1038,12/12/2025 00:42:53,30.16,0.00,,,,,
1039,12/12/2025 00:43:53,30.20,0.00,,,,,
1040,12/12/2025 00:44:53,30.16,0.00,,,,,
1041,12/12/2025 00:45:53,30.16,0.00,,,,,
1042,12/12/2025 00:46:53,30.20,0.00,,,,,
1043,12/12/2025 00:47:53,30.16,0.00,,,,,
1044,12/12/2025 00:48:53,30.16,0.00,,,,,
1045,12/12/2025 00:49:53,30.20,0.00,,,,,
1046,12/12/2025 00:50:53,30.16,0.00,,,,,
1047,12/12/2025 00:51:53,30.16,0.00,,,,,
1048,12/12/2025 00:52:53,30.16,0.00,,,,,
1049,12/12/2025 00:53:53,30.16,0.00,,,,,
1050,12/12/2025 00:54:53,30.16,0.00,,,,,
1051,12/12/2025 00:55:53,30.16,0.00,,,,,
1052,12/12/2025 00:56:53,30.11,0.00,,,,,
1053,12/12/2025 00:57:53,30.11,0.00,,,,,
1054,12/12/2025 00:58:53,30.16,0.00,,,,,
1055,12/12/2025 00:59:53,30.16,0.00,,,,,
1056,12/12/2025 01:00:53,30.16,0.20,,,,,
1057,12/12/2025 01:01:53,30.11,0.00,,,,,
1058,12/12/2025 01:02:53,30.11,0.00,,,,,
1059,12/12/2025 01:03:53,30.11,0.00,,,,,
1060,12/12/2025 01:04:53,30.11,0.00,,,,,
1061,12/12/2025 01:05:53,30.16,0.00,,,,,
1062,12/12/2025 01:06:53,30.16,0.00,,,,,
1063,12/12/2025 01:07:53,30.11,0.00,,,,,
1064,12/12/2025 01:08:53,30.11,0.00,,,,,
1065,12/12/2025 01:09:53,30.11,0.00,,,,,
1066,12/12/2025 01:10:53,30.16,0.00,,,,,
1067,12/12/2025 01:11:53,30.11,0.00,,,,,
1068,12/12/2025 01:12:53,30.11,0.00,,,,,
1069,12/12/2025 01:13:53,30.11,0.00,,,,,
1070,12/12/2025 01:14:53,30.11,0.00,,,,,
1071,12/12/2025 01:15:53,30.16,0.00,,,,,
1072,12/12/2025 01:16:53,30.11,0.00,,,,,
1073,12/12/2025 01:17:53,30.11,0.00,,,,,
1074,12/12/2025 01:18:53,30.11,0.00,,,,,
1075,12/12/2025 01:19:53,30.11,0.00,,,,,
1076,12/12/2025 01:20:53,30.11,0.00,,,,,
1077,12/12/2025 01:21:53,30.03,0.00,,,,,
1078,12/12/2025 01:22:53,30.11,0.00,,,,,
1079,12/12/2025 01:23:53,30.07,0.00,,,,,
1080,12/12/2025 01:24:53,30.07,0.00,,,,,
1081,12/12/2025 01:25:53,30.07,0.00,,,,,
1082,12/12/2025 01:26:53,30.07,0.00,,,,,
1083,12/12/2025 01:27:53,30.11,0.00,,,,,
1084,12/12/2025 01:28:53,30.07,0.00,,,,,
1085,12/12/2025 01:29:53,30.07,0.00,,,,,
1086,12/12/2025 01:30:53,30.16,0.00,,,,,
1087,12/12/2025 01:31:53,30.03,0.00,,,,,
1088,12/12/2025 01:32:53,30.07,0.00,,,,,
1089,12/12/2025 01:33:53,30.07,0.00,,,,,
1090,12/12/2025 01:34:53,30.07,0.00,,,,,
1091,12/12/2025 01:35:53,30.07,0.00,,,,,
1092,12/12/2025 01:36:53,30.07,0.00,,,,,
1093,12/12/2025 01:37:53,30.07,0.00,,,,,
1094,12/12/2025 01:38:53,30.07,0.20,,,,,
1095,12/12/2025 01:39:53,30.03,0.00,,,,,
1096,12/12/2025 01:40:53,30.03,0.00,,,,,
1097,12/12/2025 01:41:53,30.03,0.00,,,,,
1098,12/12/2025 01:42:53,30.11,0.00,,,,,
1099,12/12/2025 01:43:53,30.03,0.00,,,,,
1100,12/12/2025 01:44:53,30.07,0.00,,,,,
1101,12/12/2025 01:45:53,30.07,0.00,,,,,
1102,12/12/2025 01:46:53,30.03,0.00,,,,,
1103,12/12/2025 01:47:53,30.03,0.00,,,,,
1104,12/12/2025 01:48:53,30.03,0.00,,,,,
1105,12/12/2025 01:49:53,30.03,0.00,,,,,
1106,12/12/2025 01:50:53,30.03,0.00,,,,,
1107,12/12/2025 01:51:53,30.03,0.00,,,,,
1108,12/12/2025 01:52:53,29.98,0.00,,,,,
1109,12/12/2025 01:53:53,30.07,0.00,,,,,
1110,12/12/2025 01:54:53,30.03,0.00,,,,,
1111,12/12/2025 01:55:53,30.03,0.00,,,,,
1112,12/12/2025 01:56:53,30.07,0.00,,,,,
1113,12/12/2025 01:57:53,29.98,0.00,,,,,
1114,12/12/2025 01:58:53,30.03,0.00,,,,,
1115,12/12/2025 01:59:53,30.03,0.00,,,,,
1116,12/12/2025 02:00:53,29.94,0.00,,,,,
1117,12/12/2025 02:01:53,29.98,0.00,,,,,
1118,12/12/2025 02:02:53,29.98,0.00,,,,,
1119,12/12/2025 02:03:53,30.03,0.00,,,,,
1120,12/12/2025 02:04:53,30.03,0.00,,,,,
1121,12/12/2025 02:05:53,30.03,0.00,,,,,
1122,12/12/2025 02:06:53,30.03,0.00,,,,,
1123,12/12/2025 02:07:53,30.03,0.00,,,,,
1124,12/12/2025 02:08:53,29.98,0.00,,,,,
1125,12/12/2025 02:09:53,29.98,0.00,,,,,
1126,12/12/2025 02:10:53,29.98,0.00,,,,,
1127,12/12/2025 02:11:53,29.98,0.00,,,,,
1128,12/12/2025 02:12:53,29.98,0.00,,,,,
1129,12/12/2025 02:13:53,29.98,0.00,,,,,
1130,12/12/2025 02:14:53,29.98,0.00,,,,,
1131,12/12/2025 02:15:53,29.98,0.00,,,,,
1132,12/12/2025 02:16:53,30.03,0.00,,,,,
1133,12/12/2025 02:17:53,29.98,0.00,,,,,
1134,12/12/2025 02:18:53,29.98,0.00,,,,,
1135,12/12/2025 02:19:53,29.98,0.00,,,,,
1136,12/12/2025 02:20:53,29.98,0.00,,,,,
1137,12/12/2025 02:21:53,29.94,0.00,,,,,
1138,12/12/2025 02:22:53,29.94,0.00,,,,,
1139,12/12/2025 02:23:53,29.98,0.00,,,,,
1140,12/12/2025 02:24:53,29.98,0.00,,,,,
1141,12/12/2025 02:25:53,29.94,0.00,,,,,
1142,12/12/2025 02:26:53,29.94,0.00,,,,,
1143,12/12/2025 02:27:53,29.94,0.00,,,,,
1144,12/12/2025 02:28:53,29.98,0.00,,,,,
1145,12/12/2025 02:29:53,29.90,0.00,,,,,
1146,12/12/2025 02:30:53,29.90,0.00,,,,,
1147,12/12/2025 02:31:53,29.98,0.20,,,,,
1148,12/12/2025 02:32:53,29.94,0.00,,,,,
1149,12/12/2025 02:33:53,29.90,0.00,,,,,
1150,12/12/2025 02:34:53,29.94,0.00,,,,,
1151,12/12/2025 02:35:53,29.94,0.00,,,,,
1152,12/12/2025 02:36:53,29.94,0.00,,,,,
1153,12/12/2025 02:37:53,29.94,0.00,,,,,
1154,12/12/2025 02:38:53,29.90,0.00,,,,,
1155,12/12/2025 02:39:53,29.90,0.00,,,,,
1156,12/12/2025 02:40:53,29.94,0.00,,,,,
1157,12/12/2025 02:41:53,29.90,0.00,,,,,
1158,12/12/2025 02:42:53,29.90,0.00,,,,,
1159,12/12/2025 02:43:53,29.94,0.00,,,,,
1160,12/12/2025 02:44:53,29.90,0.00,,,,,
1161,12/12/2025 02:45:53,29.90,0.00,,,,,
1162,12/12/2025 02:46:53,29.90,0.00,,,,,
1163,12/12/2025 02:47:53,29.90,0.00,,,,,
1164,12/12/2025 02:48:53,29.90,0.00,,,,,
1165,12/12/2025 02:49:53,29.90,0.00,,,,,
1166,12/12/2025 02:50:53,29.94,0.00,,,,,
1167,12/12/2025 02:51:53,29.90,0.00,,,,,
1168,12/12/2025 02:52:53,29.90,0.00,,,,,
1169,12/12/2025 02:53:53,29.90,0.00,,,,,
1170,12/12/2025 02:54:53,29.90,0.00,,,,,
1171,12/12/2025 02:55:53,29.86,0.00,,,,,
1172,12/12/2025 02:56:53,29.86,0.00,,,,,
1173,12/12/2025 02:57:53,29.90,0.00,,,,,
1174,12/12/2025 02:58:53,29.90,0.00,,,,,
1175,12/12/2025 02:59:53,29.90,0.00,,,,,
1176,12/12/2025 03:00:53,29.86,0.00,,,,,
1177,12/12/2025 03:01:53,29.86,0.00,,,,,
1178,12/12/2025 03:02:53,29.86,0.00,,,,,
1179,12/12/2025 03:03:53,29.90,0.00,,,,,
1180,12/12/2025 03:04:53,29.86,0.00,,,,,
1181,12/12/2025 03:05:53,29.90,0.00,,,,,
1182,12/12/2025 03:06:53,29.90,0.00,,,,,
1183,12/12/2025 03:07:53,29.94,0.00,,,,,
1184,12/12/2025 03:08:53,29.86,0.00,,,,,
1185,12/12/2025 03:09:53,29.81,0.20,,,,,
1186,12/12/2025 03:10:53,29.86,0.00,,,,,
1187,12/12/2025 03:11:53,29.81,0.00,,,,,
1188,12/12/2025 03:12:53,29.86,0.00,,,,,
1189,12/12/2025 03:13:53,29.81,0.00,,,,,
1190,12/12/2025 03:14:53,29.86,0.00,,,,,
1191,12/12/2025 03:15:53,29.81,0.00,,,,,
1192,12/12/2025 03:16:53,29.86,0.00,,,,,
1193,12/12/2025 03:17:53,29.81,0.00,,,,,
1194,12/12/2025 03:18:53,29.86,0.00,,,,,
1195,12/12/2025 03:19:53,29.86,0.00,,,,,
1196,12/12/2025 03:20:53,29.86,0.00,,,,,
1197,12/12/2025 03:21:53,29.81,0.00,,,,,
1198,12/12/2025 03:22:53,29.86,0.00,,,,,
1199,12/12/2025 03:23:53,29.86,0.00,,,,,
1200,12/12/2025 03:24:53,29.86,0.00,,,,,
1201,12/12/2025 03:25:53,29.86,0.00,,,,,
1202,12/12/2025 03:26:53,29.86,0.00,,,,,
1203,12/12/2025 03:27:53,29.86,0.00,,,,,
1204,12/12/2025 03:28:53,29.81,0.00,,,,,
1205,12/12/2025 03:29:53,29.86,0.00,,,,,
1206,12/12/2025 03:30:53,29.86,0.00,,,,,
1207,12/12/2025 03:31:53,29.77,0.00,,,,,
1208,12/12/2025 03:32:53,29.81,0.00,,,,,
1209,12/12/2025 03:33:53,29.86,0.00,,,,,
1210,12/12/2025 03:34:53,29.81,0.00,,,,,
1211,12/12/2025 03:35:53,29.81,0.00,,,,,
1212,12/12/2025 03:36:53,29.81,0.00,,,,,
1213,12/12/2025 03:37:53,29.81,0.00,,,,,
1214,12/12/2025 03:38:53,29.81,0.00,,,,,
1215,12/12/2025 03:39:53,29.81,0.00,,,,,
1216,12/12/2025 03:40:53,29.81,0.00,,,,,
1217,12/12/2025 03:41:53,29.86,0.00,,,,,
1218,12/12/2025 03:42:53,29.81,0.00,,,,,
1219,12/12/2025 03:43:53,29.86,0.00,,,,,
1220,12/12/2025 03:44:53,29.81,0.00,,,,,
1221,12/12/2025 03:45:53,29.77,0.00,,,,,
1222,12/12/2025 03:46:53,29.81,0.00,,,,,
1223,12/12/2025 03:47:53,29.81,0.00,,,,,
1224,12/12/2025 03:48:53,29.81,0.00,,,,,
1225,12/12/2025 03:49:53,29.77,0.00,,,,,
1226,12/12/2025 03:50:53,29.77,0.00,,,,,
1227,12/12/2025 03:51:53,29.77,0.00,,,,,
1228,12/12/2025 03:52:53,29.77,0.00,,,,,
1229,12/12/2025 03:53:53,29.77,0.00,,,,,
1230,12/12/2025 03:54:53,29.77,0.00,,,,,
1231,12/12/2025 03:55:53,29.81,0.00,,,,,
1232,12/12/2025 03:56:53,29.77,0.00,,,,,
1233,12/12/2025 03:57:53,29.81,0.00,,,,,
1234,12/12/2025 03:58:53,29.77,0.00,,,,,
1235,12/12/2025 03:59:53,29.77,0.00,,,,,
1236,12/12/2025 04:00:53,29.77,0.00,,,,,
1237,12/12/2025 04:01:53,29.73,0.00,,,,,
1238,12/12/2025 04:02:53,29.77,0.20,,,,,
1239,12/12/2025 04:03:53,29.73,0.00,,,,,
1240,12/12/2025 04:04:53,29.77,0.00,,,,,
1241,12/12/2025 04:05:53,29.77,0.00,,,,,
1242,12/12/2025 04:06:53,29.68,0.00,,,,,
1243,12/12/2025 04:07:53,29.73,0.00,,,,,
1244,12/12/2025 04:08:53,29.77,0.00,,,,,
1245,12/12/2025 04:09:53,29.73,0.00,,,,,
1246,12/12/2025 04:10:53,29.81,0.00,,,,,
1247,12/12/2025 04:11:53,29.77,0.00,,,,,
1248,12/12/2025 04:12:53,29.77,0.00,,,,,
1249,12/12/2025 04:13:53,29.68,0.00,,,,,
1250,12/12/2025 04:14:53,29.68,0.00,,,,,
1251,12/12/2025 04:15:53,29.73,0.00,,,,,
1252,12/12/2025 04:16:53,29.73,0.00,,,,,
1253,12/12/2025 04:17:53,29.77,0.00,,,,,
1254,12/12/2025 04:18:53,29.73,0.00,,,,,
1255,12/12/2025 04:19:53,29.77,0.00,,,,,
1256,12/12/2025 04:20:53,29.73,0.00,,,,,
1257,12/12/2025 04:21:53,29.73,0.00,,,,,
1258,12/12/2025 04:22:53,29.73,0.00,,,,,
1259,12/12/2025 04:23:53,29.73,0.00,,,,,
1260,12/12/2025 04:24:53,29.73,0.00,,,,,
1261,12/12/2025 04:25:53,29.68,0.00,,,,,
1262,12/12/2025 04:26:53,29.73,0.00,,,,,
1263,12/12/2025 04:27:53,29.73,0.00,,,,,
1264,12/12/2025 04:28:53,29.73,0.00,,,,,
1265,12/12/2025 04:29:53,29.68,0.00,,,,,
1266,12/12/2025 04:30:53,29.73,0.00,,,,,
1267,12/12/2025 04:31:53,29.68,0.00,,,,,
1268,12/12/2025 04:32:53,29.73,0.00,,,,,
1269,12/12/2025 04:33:53,29.68,0.00,,,,,
1270,12/12/2025 04:34:53,29.68,0.00,,,,,
1271,12/12/2025 04:35:53,29.73,0.00,,,,,
1272,12/12/2025 04:36:53,29.68,0.00,,,,,
1273,12/12/2025 04:37:53,29.68,0.00,,,,,
1274,12/12/2025 04:38:53,29.68,0.00,,,,,
1275,12/12/2025 04:39:53,29.73,0.00,,,,,
1276,12/12/2025 04:40:53,29.68,0.20,,,,,
1277,12/12/2025 04:41:53,29.68,0.00,,,,,
1278,12/12/2025 04:42:53,29.68,0.00,,,,,
1279,12/12/2025 04:43:53,29.68,0.00,,,,,
1280,12/12/2025 04:44:53,29.64,0.00,,,,,
1281,12/12/2025 04:45:53,29.73,0.00,,,,,
1282,12/12/2025 04:46:53,29.68,0.00,,,,,
1283,12/12/2025 04:47:53,29.68,0.00,,,,,
1284,12/12/2025 04:48:53,29.68,0.00,,,,,
1285,12/12/2025 04:49:53,29.68,0.00,,,,,
1286,12/12/2025 04:50:53,29.68,0.00,,,,,
1287,12/12/2025 04:51:53,29.73,0.00,,,,,
1288,12/12/2025 04:52:53,29.64,0.00,,,,,
1289,12/12/2025 04:53:53,29.64,0.00,,,,,
1290,12/12/2025 04:54:53,29.68,0.00,,,,,
1291,12/12/2025 04:55:53,29.64,0.00,,,,,
1292,12/12/2025 04:56:53,29.64,0.00,,,,,
1293,12/12/2025 04:57:53,29.68,0.00,,,,,
1294,12/12/2025 04:58:53,29.64,0.00,,,,,
1295,12/12/2025 04:59:53,29.64,0.00,,,,,
1296,12/12/2025 05:00:53,29.64,0.00,,,,,
1297,12/12/2025 05:01:53,29.60,0.00,,,,,
1298,12/12/2025 05:02:53,29.64,0.00,,,,,
1299,12/12/2025 05:03:53,29.64,0.00,,,,,
1300,12/12/2025 05:04:53,29.64,0.00,,,,,
1301,12/12/2025 05:05:53,29.64,0.00,,,,,
1302,12/12/2025 05:06:53,29.64,0.00,,,,,
1303,12/12/2025 05:07:53,29.64,0.00,,,,,
1304,12/12/2025 05:08:53,29.60,0.00,,,,,
1305,12/12/2025 05:09:53,29.64,0.00,,,,,
1306,12/12/2025 05:10:53,29.60,0.00,,,,,
1307,12/12/2025 05:11:53,29.60,0.00,,,,,
1308,12/12/2025 05:12:53,29.64,0.00,,,,,
1309,12/12/2025 05:13:53,29.60,0.00,,,,,
1310,12/12/2025 05:14:53,29.64,0.00,,,,,
1311,12/12/2025 05:15:53,29.64,0.00,,,,,
1312,12/12/2025 05:16:53,29.60,0.00,,,,,
1313,12/12/2025 05:17:53,29.64,0.00,,,,,
1314,12/12/2025 05:18:53,29.60,0.00,,,,,
1315,12/12/2025 05:19:53,29.64,0.00,,,,,
1316,12/12/2025 05:20:53,29.60,0.00,,,,,
1317,12/12/2025 05:21:53,29.64,0.00,,,,,
1318,12/12/2025 05:22:53,29.60,0.00,,,,,
1319,12/12/2025 05:23:53,29.64,0.00,,,,,
1320,12/12/2025 05:24:53,29.60,0.00,,,,,
1321,12/12/2025 05:25:53,29.60,0.00,,,,,
1322,12/12/2025 05:26:53,29.60,0.00,,,,,
1323,12/12/2025 05:27:53,29.56,0.00,,,,,
1324,12/12/2025 05:28:53,29.64,0.00,,,,,
1325,12/12/2025 05:29:53,29.64,0.00,,,,,
1326,12/12/2025 05:30:53,29.56,0.00,,,,,
1327,12/12/2025 05:31:53,29.56,0.00,,,,,
1328,12/12/2025 05:32:53,29.60,0.00,,,,,
1329,12/12/2025 05:33:53,29.56,0.40,,,,,
1330,12/12/2025 05:34:53,29.56,0.00,,,,,
1331,12/12/2025 05:35:53,29.60,0.00,,,,,
1332,12/12/2025 05:36:53,29.56,0.00,,,,,
1333,12/12/2025 05:37:53,29.60,0.00,,,,,
1334,12/12/2025 05:38:53,29.60,0.00,,,,,
1335,12/12/2025 05:39:53,29.60,0.00,,,,,
1336,12/12/2025 05:40:53,29.56,0.20,,,,,
1337,12/12/2025 05:41:53,29.56,0.20,,,,,
1338,12/12/2025 05:42:53,29.56,0.40,,,,,
1339,12/12/2025 05:43:53,29.60,0.40,,,,,
1340,12/12/2025 05:44:53,29.56,0.60,,,,,
1341,12/12/2025 05:45:53,29.56,1.01,,,,,
1342,12/12/2025 05:46:53,29.56,1.21,,,,,
1343,12/12/2025 05:47:53,29.56,1.62,,,,,
1344,12/12/2025 05:48:53,29.56,2.23,,,,,
1345,12/12/2025 05:49:53,29.51,3.04,,,,,
1346,12/12/2025 05:50:53,29.56,4.05,,,,,
1347,12/12/2025 05:51:53,29.56,5.67,,,,,
1348,12/12/2025 05:52:53,29.56,7.50,,,,,
1349,12/12/2025 05:53:53,29.60,9.12,,,,,
1350,12/12/2025 05:54:53,29.51,10.74,,,,,
1351,12/12/2025 05:55:53,29.56,12.97,,,,,
1352,12/12/2025 05:56:53,29.56,15.23,,,,,
1353,12/12/2025 05:57:53,29.51,18.65,,,,,
1354,12/12/2025 05:58:53,29.51,21.14,,,,,
1355,12/12/2025 05:59:53,29.56,25.19,,,,,
1356,12/12/2025 06:00:53,29.56,30.06,,,,,
1357,12/12/2025 06:01:53,29.56,34.57,,,,,
1358,12/12/2025 06:02:53,29.56,40.30,,,,,
1359,12/12/2025 06:03:53,29.56,46.78,,,,,
1360,12/12/2025 06:04:53,29.51,55.76,,,,,
1361,12/12/2025 06:05:53,29.56,69.96,,,,,
1362,12/12/2025 06:06:53,29.51,86.28,,,,,
1363,12/12/2025 06:07:53,29.56,100.16,,,,,
1364,12/12/2025 06:08:53,29.56,110.72,,,,,
1365,12/12/2025 06:09:53,29.51,118.12,,,,,
1366,12/12/2025 06:10:53,29.56,129.48,,,,,
1367,12/12/2025 06:11:53,29.51,141.76,,,,,
1368,12/12/2025 06:12:53,29.51,153.20,,,,,
1369,12/12/2025 06:13:53,29.51,167.04,,,,,
1370,12/12/2025 06:14:53,29.56,180.08,,,,,
1371,12/12/2025 06:15:53,29.51,193.84,,,,,
1372,12/12/2025 06:16:53,29.47,203.76,,,,,
1373,12/12/2025 06:17:53,29.51,215.92,,,,,
1374,12/12/2025 06:18:53,29.47,237.04,,,,,
1375,12/12/2025 06:19:53,29.47,261.60,,,,,
1376,12/12/2025 06:20:53,29.47,302.32,,,,,
1377,12/12/2025 06:21:53,29.51,335.04,,,,,
1378,12/12/2025 06:22:53,29.51,350.56,,,,,
1379,12/12/2025 06:23:53,29.51,363.84,,,,,
1380,12/12/2025 06:24:53,29.51,383.68,,,,,
1381,12/12/2025 06:25:53,29.51,402.72,,,,,
1382,12/12/2025 06:26:53,29.51,411.68,,,,,
1383,12/12/2025 06:27:53,29.51,420.48,,,,,
1384,12/12/2025 06:28:53,29.51,423.84,,,,,
1385,12/12/2025 06:29:53,29.51,428.64,,,,,
1386,12/12/2025 06:30:53,29.47,443.20,,,,,
1387,12/12/2025 06:31:53,29.47,470.08,,,,,
1388,12/12/2025 06:32:53,29.51,510.24,,,,,
1389,12/12/2025 06:33:53,29.47,552.80,,,,,
1390,12/12/2025 06:34:53,29.51,515.84,,,,,
1391,12/12/2025 06:35:53,29.47,509.44,,,,,
1392,12/12/2025 06:36:53,29.51,572.32,,,,,
1393,12/12/2025 06:37:53,29.51,667.52,,,,,
1394,12/12/2025 06:38:53,29.56,789.44,,,,,
1395,12/12/2025 06:39:53,29.51,849.28,,,,,
1396,12/12/2025 06:40:53,29.51,880.00,,,,,
1397,12/12/2025 06:41:53,29.56,914.24,,,,,
1398,12/12/2025 06:42:53,29.51,936.00,,,,,
1399,12/12/2025 06:43:53,29.51,945.60,,,,,
1400,12/12/2025 06:44:53,29.51,930.24,,,,,
1401,12/12/2025 06:45:53,29.43,897.92,,,,,
1402,12/12/2025 06:46:53,29.51,871.04,,,,,
1403,12/12/2025 06:47:53,29.51,849.28,,,,,
1404,12/12/2025 06:48:53,29.51,832.96,,,,,
1405,12/12/2025 06:49:53,29.51,794.56,,,,,
1406,12/12/2025 06:50:53,29.51,760.32,,,,,
1407,12/12/2025 06:51:53,29.47,746.56,,,,,
1408,12/12/2025 06:52:53,29.56,744.00,,,,,
1409,12/12/2025 06:53:53,29.51,748.16,,,,,
1410,12/12/2025 06:54:53,29.51,748.16,,,,,
1411,12/12/2025 06:55:53,29.51,746.56,,,,,
1412,12/12/2025 06:56:53,29.51,759.68,,,,,
1413,12/12/2025 06:57:53,29.51,773.44,,,,,
1414,12/12/2025 06:58:53,29.51,800.96,,,,,
1415,12/12/2025 06:59:53,29.51,837.12,,,,,
1416,12/12/2025 07:00:53,29.51,896.32,,,,,
1417,12/12/2025 07:01:53,29.51,989.44,,,,,
1418,12/12/2025 07:02:53,29.56,1022.08,,,,,
1419,12/12/2025 07:03:53,29.51,1001.60,,,,,
1420,12/12/2025 07:04:53,29.51,815.68,,,,,
1421,12/12/2025 07:05:53,29.47,793.60,,,,,
1422,12/12/2025 07:06:53,29.47,923.84,,,,,
1423,12/12/2025 07:07:53,29.51,1247.68,,,,,
1424,12/12/2025 07:08:53,29.51,1210.24,,,,,
1425,12/12/2025 07:09:53,29.51,1193.92,,,,,
1426,12/12/2025 07:10:53,29.51,1693.44,,,,,
1427,12/12/2025 07:11:53,29.56,1826.56,,,,,
1428,12/12/2025 07:12:53,29.56,2135.04,,,,,
1429,12/12/2025 07:13:53,29.56,2099.20,,,,,
1430,12/12/2025 07:14:53,29.56,1750.40,,,,,
1431,12/12/2025 07:15:53,29.51,1556.48,,,,,
1432,12/12/2025 07:16:53,29.51,1572.48,,,,,
1433,12/12/2025 07:17:53,29.60,814.72,,,,,
1434,12/12/2025 07:18:53,29.51,1688.96,,,,,
1435,12/12/2025 07:19:53,29.51,1756.80,,,,,
1436,12/12/2025 07:20:53,29.56,1891.20,,,,,
1437,12/12/2025 07:21:53,29.51,2080.00,,,,,
1438,12/12/2025 07:22:53,29.51,2167.04,,,,,
1439,12/12/2025 07:23:53,29.60,2303.36,,,,,
1440,12/12/2025 07:24:53,29.56,2412.16,,,,,
1441,12/12/2025 07:25:53,29.56,2520.96,,,,,
1442,12/12/2025 07:26:53,29.60,2616.96,,,,,
1443,12/12/2025 07:27:53,29.60,2664.96,,,,,
1444,12/12/2025 07:28:53,29.60,2718.72,,,,,
1445,12/12/2025 07:29:53,29.60,2787.84,,,,,
1446,12/12/2025 07:30:53,29.56,2890.24,,,,,
1447,12/12/2025 07:31:53,29.60,3046.40,,,,,
1448,12/12/2025 07:32:53,29.56,3235.84,,,,,
1449,12/12/2025 07:33:53,29.60,3416.32,,,,,
1450,12/12/2025 07:34:53,29.64,3598.08,,,,,
1451,12/12/2025 07:35:53,29.64,3747.84,,,,,
1452,12/12/2025 07:36:53,29.64,3906.56,,,,,
1453,12/12/2025 07:37:53,29.64,4048.64,,,,,
1454,12/12/2025 07:38:53,29.68,4149.76,,,,,
1455,12/12/2025 07:39:53,29.64,4236.80,,,,,
1456,12/12/2025 07:40:53,29.64,4348.16,,,,,
1457,12/12/2025 07:41:53,29.68,4490.24,,,,,
1458,12/12/2025 07:42:53,29.68,4604.16,,,,,
1459,12/12/2025 07:43:53,29.73,4697.60,,,,,
1460,12/12/2025 07:44:53,29.73,4779.52,,,,,
1461,12/12/2025 07:45:53,29.77,4870.40,,,,,
1462,12/12/2025 07:46:53,29.73,4948.48,,,,,
1463,12/12/2025 07:47:53,29.73,4999.68,,,,,
1464,12/12/2025 07:48:53,29.77,5064.96,,,,,
1465,12/12/2025 07:49:53,29.81,5152.00,,,,,
1466,12/12/2025 07:50:53,29.73,5217.28,,,,,
1467,12/12/2025 07:51:53,29.77,5306.88,,,,,
1468,12/12/2025 07:52:53,29.81,5363.20,,,,,
1469,12/12/2025 07:53:53,29.77,5434.88,,,,,
1470,12/12/2025 07:54:53,29.77,5519.36,,,,,
1471,12/12/2025 07:55:53,29.81,5580.80,,,,,
1472,12/12/2025 07:56:53,29.77,5647.36,,,,,
1473,12/12/2025 07:57:53,29.81,5736.96,,,,,
1474,12/12/2025 07:58:53,29.86,5790.72,,,,,
1475,12/12/2025 07:59:53,29.86,5849.60,,,,,
1476,12/12/2025 08:00:53,29.81,5980.16,,,,,
1477,12/12/2025 08:01:53,29.86,6056.96,,,,,
1478,12/12/2025 08:02:53,29.86,6138.88,,,,,
1479,12/12/2025 08:03:53,29.86,6213.12,,,,,
1480,12/12/2025 08:04:53,29.86,6297.60,,,,,
1481,12/12/2025 08:05:53,29.86,6382.08,,,,,
1482,12/12/2025 08:06:53,29.86,6453.76,,,,,
1483,12/12/2025 08:07:53,29.90,6586.88,,,,,
1484,12/12/2025 08:08:53,29.90,6630.40,,,,,
1485,12/12/2025 08:09:53,29.90,6727.68,,,,,
1486,12/12/2025 08:10:53,29.94,6755.84,,,,,
1487,12/12/2025 08:11:53,29.94,6840.32,,,,,
1488,12/12/2025 08:12:53,29.90,6904.32,,,,,
1489,12/12/2025 08:13:53,29.94,6988.80,,,,,
1490,12/12/2025 08:14:53,29.94,7073.28,,,,,
1491,12/12/2025 08:15:53,29.94,7150.08,,,,,
1492,12/12/2025 08:16:53,29.94,7216.64,,,,,
1493,12/12/2025 08:17:53,29.98,7306.24,,,,,
1494,12/12/2025 08:18:53,29.94,7424.00,,,,,
1495,12/12/2025 08:19:53,29.98,7508.48,,,,,
1496,12/12/2025 08:20:53,29.98,7618.56,,,,,
1497,12/12/2025 08:21:53,30.03,7605.76,,,,,
1498,12/12/2025 08:22:53,29.98,7631.36,,,,,
1499,12/12/2025 08:23:53,30.03,7618.56,,,,,
1500,12/12/2025 08:24:53,30.07,7552.00,,,,,
1501,12/12/2025 08:25:53,30.03,7513.60,,,,,
1502,12/12/2025 08:26:53,30.03,7495.68,,,,,
1503,12/12/2025 08:27:53,30.03,7436.80,,,,,
1504,12/12/2025 08:28:53,30.07,7370.24,,,,,
1505,12/12/2025 08:29:53,30.07,7339.52,,,,,
1506,12/12/2025 08:30:53,30.07,7255.04,,,,,
1507,12/12/2025 08:31:53,30.07,7188.48,,,,,
1508,12/12/2025 08:32:53,30.03,7086.08,,,,,
1509,12/12/2025 08:33:53,30.11,7022.08,,,,,
1510,12/12/2025 08:34:53,30.11,6917.12,,,,,
1511,12/12/2025 08:35:53,30.11,6824.96,,,,,
1512,12/12/2025 08:36:53,30.07,6735.36,,,,,
1513,12/12/2025 08:37:53,30.07,6658.56,,,,,
1514,12/12/2025 08:38:53,30.03,6574.08,,,,,
1515,12/12/2025 08:39:53,30.07,6497.28,,,,,
1516,12/12/2025 08:40:53,30.11,6530.56,,,,,
1517,12/12/2025 08:41:53,30.11,3942.40,,,,,
1518,12/12/2025 08:42:53,30.03,1724.16,,,,,
1519,12/12/2025 08:43:53,29.94,2112.00,,,,,
1520,12/12/2025 08:44:53,29.98,3435.52,,,,,
1521,12/12/2025 08:45:53,30.03,4230.40,,,,,
1522,12/12/2025 08:46:53,30.07,6988.80,,,,,
1523,12/12/2025 08:47:53,30.07,6423.04,,,,,
1524,12/12/2025 08:48:53,30.11,5946.88,,,,,
1525,12/12/2025 08:49:53,30.07,5826.56,,,,,
1526,12/12/2025 08:50:53,30.03,2332.80,,,,,
1527,12/12/2025 08:51:53,30.07,6297.60,,,,,
1528,12/12/2025 08:52:53,30.07,1950.08,,,,,
1529,12/12/2025 08:53:53,30.11,5829.12,,,,,
1530,12/12/2025 08:54:53,30.11,5591.04,,,,,
1531,12/12/2025 08:55:53,30.11,4542.72,,,,,
1532,12/12/2025 08:56:53,30.16,5923.84,,,,,
1533,12/12/2025 08:57:53,30.07,3614.72,,,,,
1534,12/12/2025 08:58:53,30.03,2632.96,,,,,
1535,12/12/2025 08:59:53,30.03,2412.16,,,,,
1536,12/12/2025 09:00:53,30.07,5803.52,,,,,
1537,12/12/2025 09:01:53,30.16,6471.68,,,,,
1538,12/12/2025 09:02:53,30.16,6167.04,,,,,
1539,12/12/2025 09:03:53,30.11,4704.00,,,,,
1540,12/12/2025 09:04:53,30.11,2420.48,,,,,
1541,12/12/2025 09:05:53,30.07,3027.20,,,,,
1542,12/12/2025 09:06:53,30.11,6883.84,,,,,
1543,12/12/2025 09:07:53,30.16,6643.20,,,,,
1544,12/12/2025 09:08:53,30.16,7196.16,,,,,
1545,12/12/2025 09:09:53,30.20,7132.16,,,,,
1546,12/12/2025 09:10:53,30.20,7040.00,,,,,
1547,12/12/2025 09:11:53,30.20,6540.80,,,,,
1548,12/12/2025 09:12:53,30.24,6144.00,,,,,
1549,12/12/2025 09:13:53,30.20,6300.16,,,,,
1550,12/12/2025 09:14:53,30.24,6174.72,,,,,
1551,12/12/2025 09:15:53,30.24,6338.56,,,,,
1552,12/12/2025 09:16:53,30.24,6161.92,,,,,
1553,12/12/2025 09:17:53,30.28,5872.64,,,,,
1554,12/12/2025 09:18:53,30.24,5381.12,,,,,
1555,12/12/2025 09:19:53,30.24,5913.60,,,,,
1556,12/12/2025 09:20:53,30.20,5982.72,,,,,
1557,12/12/2025 09:21:53,30.24,4938.24,,,,,
1558,12/12/2025 09:22:53,30.37,13777.92,,,,,
1559,12/12/2025 09:23:10,,,,Logged,Logged,,
1560,12/12/2025 09:23:12,,,,,,Logged,Logged
