"filename","original_length","trimmed_length","percent_kept","trim_5prime","trim_3prime","mean_quality"
"JK_902937-1001_40_JK_003_A01.ab1",1221,742,60.77,20,459,42.56
"JK_902937-1002_21A_JK_003_B01.ab1",1206,755,62.6,15,436,43.2
"JK_902937-1003_33-3A_JK_003_C01.ab1",1165,646,55.45,18,501,39.11
"JK_902937-1004_4_JK_003_D01.ab1",1202,790,65.72,18,394,43.9
"JK_902937-1005_17A_JK_003_E01.ab1",1185,742,62.62,17,426,43.25
"JK_902937-1006_45-3A_JK_003_F01.ab1",1185,780,65.82,16,389,43.67
"JK_902937-1007_C6_JK_003_G01.ab1",1197,774,64.66,16,407,43.94
"JK_902937-1008_C19_JK_003_H01.ab1",1195,769,64.35,17,409,43.28
"JK_902937-1009_10A_JK_003_A02.ab1",1235,762,61.7,19,454,41.67
"JK_902937-1010_22-2A_JK_003_B02.ab1",1243,736,59.21,17,490,41.17
"JK_902937-1011_33A_JK_003_C02.ab1",1219,828,67.92,21,370,43.74
"JK_902937-1012_15_JK_003_D02.ab1",1196,771,64.46,19,406,43.03
"JK_902937-1013_18-3A_JK_003_E02.ab1",1212,776,64.03,15,421,43.37
"JK_902937-1014_45B_JK_003_F02.ab1",NA,NA,NA,NA,NA,NA
"JK_902937-1015_C7_JK_003_G02.ab1",1224,767,62.66,16,441,43.4
"JK_902937-1016_C21_JK_003_H02.ab1",1206,743,61.61,19,444,41.98
"JK_902937-1017_14A_JK_003_A03.ab1",1218,805,66.09,22,391,43.25
"JK_902937-1018_27A_JK_003_B03.ab1",1252,766,61.18,16,470,42.53
"JK_902937-1019_27-1A_JK_003_C03.ab1",1234,765,61.99,18,451,42.22
"JK_902937-1020_19_JK_003_D03.ab1",1204,739,61.38,25,440,41.66
"JK_902937-1021_1A_JK_003_E03.ab1",1223,809,66.15,16,398,43.81
"JK_902937-1022_5A_JK_003_F03.ab1",1225,664,54.2,122,439,39.15
"JK_902937-1023_C9_JK_003_G03.ab1",1208,762,63.08,14,432,43.58
"JK_902937-1024_C23_JK_003_H03.ab1",1227,777,63.33,22,428,43.62
"JK_902937-1025_16A_JK_003_A04.ab1",1207,807,66.86,14,386,44.04
"JK_902937-1026_28-2A_JK_003_B04.ab1",1217,807,66.31,21,389,44.42
"JK_902937-1027_39A_JK_003_C04.ab1",876,543,61.99,26,307,36.32
"JK_902937-1028_31_JK_003_D04.ab1",1276,765,59.95,16,495,42.69
"JK_902937-1029_22A_JK_003_E04.ab1",1220,760,62.3,17,443,42.94
"JK_902937-1030_6A_JK_003_F04.ab1",1228,783,63.76,17,428,43.2
"JK_902937-1031_C11_JK_003_G04.ab1",1227,756,61.61,27,444,41.42
"JK_902937-1032_C27_JK_003_H04.ab1",1208,748,61.92,14,446,42.31
"JK_902937-1033_16-CA_JK_003_A05.ab1",1240,768,61.94,21,451,43.08
"JK_902937-1034_28A_JK_003_B05.ab1",1225,763,62.29,19,443,42.06
"JK_902937-1036_34_JK_003_D05.ab1",1225,766,62.53,15,444,42.97
"JK_902937-1037_26A_JK_003_E05.ab1",1235,754,61.05,19,462,42.37
"JK_902937-1038_8A_JK_003_F05.ab1",1234,762,61.75,18,454,42.37
"JK_902937-1039_C13_JK_003_G05.ab1",1221,774,63.39,18,429,43.19
"JK_902937-1040_C31_JK_003_H05.ab1",1225,767,62.61,14,444,42.5
"JK_902937-1041_17-CA_JK_003_A06.ab1",1225,832,67.92,16,377,44.95
"JK_902937-1042_30A_JK_003_B06.ab1",1197,807,67.42,16,374,44.73
"JK_902937-1044_10-1A_JK_003_D06.ab1",1233,774,62.77,16,443,42.94
"JK_902937-1045_28-3A_JK_003_E06.ab1",1202,764,63.56,22,416,42.3
"JK_902937-1046_M2B2_JK_003_F06.ab1",1237,765,61.84,20,452,42.7
"JK_902937-1047_C15_JK_003_G06.ab1",1244,792,63.67,18,434,43.06
"JK_902937-1048_C33_JK_003_H06.ab1",NA,NA,NA,NA,NA,NA
"JK_902937-1049_18-1A_JK_003_A07.ab1",1246,814,65.33,40,392,43.93
"JK_902937-1050_32B_JK_003_B07.ab1",1220,765,62.7,16,439,43.19
"JK_902937-1051_C12_JK_003_C07.ab1",1235,718,58.14,82,435,38.76
"JK_902937-1053_33-CA_JK_003_G09.ab1",1142,671,58.76,34,437,37.88
"JK_902937-1054_C1_JK_003_H09.ab1",1127,698,61.93,17,412,42.35
"JK_902937-1055_C4_JK_003_A10.ab1",1119,716,63.99,14,389,43.12
"JK_902937-1057_18A_JK_003_C10.ab1",1124,689,61.3,17,418,41.91
"JK_902937-1058_33-2A_JK_003_D10.ab1",1132,697,61.57,15,420,42.21
"JK_902937-1060_13A_JK_003_E10.ab1",1139,589,51.71,127,423,37.46
"JK_902937-1061_43A_JK_003_F10.ab1",1114,683,61.31,16,415,40.2
"JK_902937-1062_C5_JK_003_G10.ab1",1130,684,60.53,15,431,41.55
"JK_902937-1063_C17_JK_003_H10.ab1",1123,686,61.09,17,420,42.08
